userId,movieId,rating
337,17,3.0
162,9,5.0
301,74,5.0
365,421,4.0
40,154,3.0
124,291,5.0
200,347,5.0
170,197,5.0
72,405,5.0
371,41,4.5
178,28,3.0
119,430,2.5
310,394,4.5
305,204,5.0
168,16,4.5
231,252,3.5
284,482,4.0
96,349,4.5
195,44,5.0
152,409,3.5
38,43,3.5
195,365,5.0
79,379,4.0
185,55,2.5
158,228,4.0
139,53,3.0
96,221,4.0
285,263,4.0
14,46,4.0
48,306,4.5
167,443,4.0
150,212,4.0
44,372,5.0
125,293,4.5
351,195,3.0
138,155,3.5
75,33,3.0
142,216,4.0
40,185,3.5
127,370,4.5
305,316,3.5
55,70,4.0
203,171,5.0
195,412,5.0
226,172,4.0
334,499,4.5
154,165,4.5
356,103,4.0
91,494,4.0
164,150,5.0
325,252,5.0
125,167,4.0
202,187,3.0
289,103,4.5
280,93,5.0
282,14,5.0
237,483,5.0
225,409,4.0
355,36,5.0
210,345,4.5
325,156,3.5
338,79,5.0
194,38,4.0
307,246,4.5
274,260,5.0
355,215,4.5
185,360,5.0
275,305,4.5
44,56,5.0
337,341,4.0
332,314,2.0
331,347,4.5
386,170,5.0
221,55,1.0
133,114,4.5
266,286,4.5
295,114,4.0
201,238,5.0
302,354,4.5
177,13,4.0
152,213,5.0
44,60,5.0
374,73,4.0
176,234,5.0
267,248,4.0
50,225,5.0
232,164,2.5
23,415,5.0
12,435,4.0
56,347,5.0
380,125,4.5
283,82,4.0
219,491,4.0
208,323,3.0
328,337,4.0
15,378,4.5
102,231,4.5
200,3,5.0
106,143,5.0
33,296,3.0
275,96,4.0
101,235,3.0
344,442,4.5
328,161,4.5
313,201,4.5
179,181,5.0
317,89,5.0
362,410,4.0
315,303,2.5
69,161,3.0
157,60,3.0
356,73,4.5
215,306,3.0
197,217,3.0
326,276,5.0
331,477,5.0
285,86,4.5
72,96,4.0
231,318,2.0
184,488,1.0
70,100,5.0
288,259,4.5
210,351,4.5
364,431,4.0
86,43,4.5
390,113,4.0
141,116,4.5
87,400,4.0
381,396,5.0
282,262,3.0
59,138,5.0
188,278,5.0
22,390,5.0
280,112,5.0
53,377,5.0
385,127,4.0
17,231,3.5
45,225,5.0
61,398,5.0
108,416,5.0
353,180,5.0
313,324,4.0
316,72,5.0
106,413,2.0
180,273,3.5
276,87,4.0
361,150,3.5
137,488,5.0
348,418,2.5
385,403,4.0
31,142,5.0
65,360,5.0
128,75,5.0
127,390,5.0
202,251,3.0
324,138,4.5
193,232,2.5
394,48,4.0
384,143,5.0
189,233,5.0
168,298,1.0
397,434,5.0
375,498,4.0
341,358,4.0
33,408,4.5
112,496,4.0
109,254,3.5
146,173,4.5
67,290,5.0
176,458,5.0
25,24,3.0
236,9,3.0
81,226,4.0
220,104,5.0
68,452,4.5
82,448,5.0
141,48,4.5
129,43,4.0
333,85,2.0
321,157,5.0
387,120,4.0
47,361,2.5
110,245,2.5
304,116,4.5
228,5,1.0
176,419,3.0
217,356,3.0
37,118,4.0
375,413,3.0
161,189,5.0
71,196,5.0
386,448,3.0
347,74,2.5
289,5,4.5
85,226,4.0
110,322,5.0
211,316,5.0
112,45,5.0
72,386,3.0
374,197,4.0
220,162,5.0
127,142,4.5
128,284,4.5
370,312,3.5
354,14,5.0
338,449,4.0
266,311,4.5
383,201,4.0
28,402,5.0
123,254,4.0
124,256,4.5
37,271,5.0
7,185,5.0
68,199,5.0
292,216,4.0
350,89,5.0
395,38,1.5
35,8,3.5
21,473,2.0
204,260,3.5
365,257,5.0
217,360,4.0
328,275,4.5
79,143,2.5
41,262,5.0
80,275,4.0
301,325,5.0
333,349,4.5
159,358,4.0
123,30,3.5
223,60,4.0
312,29,4.0
380,337,5.0
62,7,5.0
360,6,3.0
178,268,4.5
370,133,3.0
65,384,5.0
138,376,5.0
395,461,1.5
220,140,4.5
135,365,5.0
322,40,4.5
262,185,2.0
291,86,4.0
131,396,3.0
294,346,5.0
117,380,4.5
23,440,5.0
126,24,4.0
197,472,3.0
19,284,5.0
366,380,4.5
115,165,3.5
369,164,3.5
40,293,4.0
258,345,5.0
92,115,5.0
24,489,4.0
239,444,3.5
160,168,2.5
234,5,4.0
150,289,5.0
379,319,3.5
189,303,5.0
396,398,3.5
280,390,5.0
78,4,5.0
13,120,4.5
326,430,5.0
5,487,4.0
389,337,4.0
378,373,4.0
106,272,5.0
215,252,5.0
73,365,3.5
23,472,3.5
267,212,5.0
191,235,5.0
44,298,2.5
69,327,5.0
39,304,4.5
223,340,5.0
122,150,3.5
162,475,5.0
359,426,5.0
163,232,3.5
39,484,3.5
400,395,4.5
80,55,3.0
239,161,4.0
275,184,5.0
107,232,4.0
136,437,3.0
81,414,5.0
361,357,4.5
111,428,5.0
76,47,5.0
183,203,4.5
347,154,3.5
90,16,5.0
232,285,5.0
128,49,4.0
72,63,1.0
400,114,3.0
206,191,5.0
331,44,4.5
133,470,5.0
12,34,3.5
331,228,5.0
48,464,5.0
170,63,2.0
237,26,3.0
294,222,5.0
203,255,1.5
350,219,3.0
110,466,3.0
144,229,5.0
18,315,4.5
126,332,4.0
211,452,4.5
32,45,3.5
71,215,3.5
270,128,4.5
279,407,1.5
196,401,5.0
246,279,5.0
177,468,4.5
165,199,3.5
14,164,4.5
16,459,5.0
144,30,5.0
242,272,4.0
300,120,5.0
52,127,4.5
137,274,5.0
378,29,5.0
113,295,5.0
199,182,5.0
89,91,3.5
163,413,5.0
184,468,4.5
361,359,4.0
291,289,3.0
97,429,5.0
253,278,4.0
252,20,2.5
120,309,3.5
270,245,1.0
315,104,5.0
175,368,3.0
166,31,1.5
301,361,5.0
397,57,5.0
187,492,2.5
361,483,4.5
301,52,4.0
166,70,5.0
375,486,4.0
328,492,4.5
163,90,5.0
288,356,5.0
315,403,4.0
341,302,5.0
194,158,5.0
151,66,3.0
1,486,5.0
294,201,5.0
395,495,4.5
94,309,4.0
314,114,4.5
54,480,4.5
170,382,2.5
178,164,3.0
46,421,5.0
328,374,5.0
229,6,3.5
128,355,2.5
132,403,3.0
1,25,4.0
376,215,5.0
212,253,5.0
180,280,4.0
246,404,5.0
334,389,5.0
84,232,2.5
18,151,1.5
134,488,3.0
176,88,5.0
83,375,2.5
48,174,4.5
315,458,4.0
16,221,5.0
85,311,5.0
81,28,3.0
106,499,3.0
357,284,5.0
374,277,3.5
145,153,3.5
26,202,4.5
252,79,2.0
2,219,2.5
339,321,4.5
103,50,1.5
88,327,4.0
42,243,5.0
158,402,4.0
251,459,4.5
47,329,4.5
95,190,5.0
190,96,4.0
135,226,4.0
116,429,3.5
32,78,5.0
342,50,2.5
177,414,4.5
388,302,3.5
32,431,4.0
268,215,5.0
352,444,5.0
294,452,3.5
154,41,4.0
366,18,4.5
265,410,4.5
318,76,3.0
388,230,3.0
86,498,3.5
99,65,2.0
41,350,4.0
322,76,5.0
133,164,5.0
35,45,4.0
204,283,4.0
142,267,4.0
7,403,5.0
301,268,5.0
58,213,3.0
291,302,4.5
52,474,3.0
400,52,5.0
275,451,4.0
211,136,4.0
249,293,4.5
20,89,3.5
74,317,4.5
356,206,2.0
170,354,3.5
382,244,5.0
191,11,4.0
156,160,3.5
252,440,5.0
51,498,5.0
69,154,5.0
227,397,5.0
138,374,4.0
331,46,3.0
109,468,5.0
380,249,5.0
192,421,2.0
82,34,4.0
260,207,3.0
269,451,4.5
89,99,5.0
103,429,2.0
17,234,2.0
185,361,3.5
189,422,4.0
204,326,5.0
349,16,3.5
251,305,4.0
243,301,4.5
177,84,5.0
133,384,5.0
47,146,1.5
26,84,5.0
400,495,3.5
114,332,3.5
106,138,4.5
263,11,5.0
393,350,1.0
68,332,3.0
5,115,3.5
157,365,5.0
330,141,4.0
193,437,4.0
130,112,4.0
347,267,5.0
204,300,3.0
262,340,5.0
192,288,4.5
312,145,4.0
56,247,2.0
142,328,4.0
142,134,4.5
334,153,3.0
265,392,3.5
30,413,5.0
308,207,4.5
349,72,5.0
336,255,5.0
133,465,4.0
199,378,2.0
363,293,5.0
176,372,5.0
352,274,4.5
244,465,5.0
184,260,4.0
88,431,4.5
286,93,4.0
242,66,5.0
372,414,4.5
94,485,5.0
172,336,2.5
182,115,5.0
158,216,5.0
170,191,3.5
151,238,5.0
241,28,5.0
299,298,5.0
37,242,5.0
257,62,5.0
196,272,4.0
28,446,5.0
71,103,4.0
292,458,5.0
235,74,4.0
367,93,5.0
250,171,4.5
91,161,4.5
3,232,3.5
390,397,3.0
392,82,4.5
391,400,2.5
315,223,4.5
207,220,5.0
197,3,2.0
103,375,4.0
8,457,4.0
272,98,1.5
3,321,5.0
116,356,5.0
160,67,3.0
258,302,4.0
34,422,2.0
149,234,5.0
306,269,4.0
352,69,4.0
251,184,5.0
85,486,5.0
207,10,3.5
373,68,3.5
12,302,4.5
64,188,5.0
20,193,5.0
131,395,4.5
25,305,5.0
339,56,4.5
11,25,5.0
214,228,4.0
281,130,4.0
79,106,5.0
323,5,4.0
339,52,4.5
139,319,4.5
71,215,5.0
54,262,5.0
61,145,3.0
55,255,3.5
103,399,3.5
268,499,3.5
361,210,4.0
21,281,4.5
107,353,5.0
170,121,1.0
344,46,5.0
294,343,4.5
47,400,4.5
371,371,3.0
132,330,3.5
152,136,4.0
52,417,3.0
21,437,4.0
347,161,4.0
60,49,5.0
24,5,5.0
340,332,3.0
184,458,4.0
319,138,5.0
48,191,5.0
94,59,4.0
234,140,5.0
354,436,4.0
216,333,5.0
86,58,3.0
372,31,5.0
82,54,4.0
303,248,5.0
348,225,3.0
195,399,4.0
15,442,5.0
373,499,5.0
248,472,4.5
211,226,2.0
134,336,4.0
361,445,5.0
393,381,4.5
290,115,5.0
343,448,4.0
268,353,5.0
49,222,4.5
128,247,4.0
347,329,4.0
286,457,5.0
28,6,4.5
81,259,5.0
254,446,3.0
385,252,4.0
170,497,3.5
260,115,4.5
194,207,5.0
41,236,4.0
294,230,2.5
256,229,4.0
255,382,4.5
53,207,4.0
286,282,1.0
47,406,4.5
317,327,4.0
261,288,3.5
344,234,5.0
187,423,2.0
115,433,4.0
287,393,4.5
243,367,4.5
367,232,3.0
389,338,3.5
175,182,5.0
150,281,4.5
360,55,2.0
85,253,3.0
368,381,5.0
55,131,4.5
97,62,5.0
202,111,4.0
98,367,4.0
388,213,2.0
325,429,4.5
64,396,5.0
235,338,4.5
259,69,5.0
3,272,5.0
284,479,4.0
300,248,5.0
400,472,5.0
355,297,3.0
66,54,4.0
308,311,5.0
259,452,4.0
312,469,5.0
128,141,4.0
176,497,4.0
69,71,4.0
359,454,5.0
154,432,5.0
161,365,5.0
284,324,3.5
108,320,5.0
352,177,5.0
68,364,4.5
92,258,4.5
327,166,5.0
390,181,4.5
299,293,5.0
364,214,4.5
274,147,5.0
217,414,1.0
55,13,4.0
28,344,2.0
137,385,5.0
147,350,3.5
32,354,5.0
105,386,4.5
184,417,4.0
316,445,4.5
288,443,3.5
332,288,4.0
262,402,5.0
357,148,5.0
25,475,4.0
214,490,5.0
351,161,5.0
28,7,5.0
104,318,5.0
227,425,3.5
325,361,5.0
189,387,4.5
379,309,3.5
372,494,3.0
230,91,5.0
39,96,5.0
377,264,3.0
21,220,3.5
136,67,3.0
131,3,4.0
364,480,3.0
79,476,4.0
27,397,5.0
316,432,4.5
252,405,4.5
184,38,5.0
163,270,3.5
95,267,2.5
259,82,4.0
275,207,2.5
114,453,3.5
170,170,4.0
112,487,5.0
272,244,5.0
386,333,1.0
343,178,4.0
329,315,5.0
125,491,2.0
165,196,5.0
59,198,3.5
371,145,1.5
265,421,5.0
264,412,4.5
250,23,4.0
334,99,4.0
43,486,2.5
396,276,4.5
321,34,3.5
323,397,3.5
351,218,5.0
106,276,5.0
380,397,4.0
37,383,5.0
13,236,5.0
20,45,2.5
92,407,3.5
37,295,5.0
133,209,4.0
323,208,4.0
9,200,4.5
274,4,4.5
317,33,5.0
300,24,5.0
38,184,5.0
55,149,5.0
155,311,2.5
392,475,4.0
203,421,4.5
243,81,4.5
70,383,4.0
280,152,5.0
74,153,4.5
374,332,4.0
6,284,5.0
73,64,2.0
294,306,4.0
281,485,2.5
108,384,5.0
372,177,3.5
331,436,4.5
83,95,3.5
130,100,3.0
344,410,4.5
28,436,5.0
282,237,4.5
38,149,4.5
129,51,3.5
298,250,5.0
183,66,4.5
121,52,3.5
36,461,3.0
249,231,4.0
338,157,5.0
79,290,4.5
162,491,4.0
3,161,3.5
114,365,5.0
224,142,5.0
69,348,5.0
246,237,4.0
397,157,4.5
56,90,4.5
42,431,3.5
72,457,4.5
135,376,5.0
40,373,2.5
10,435,4.5
16,417,4.5
208,394,4.5
19,283,3.5
277,242,4.5
77,188,4.0
396,302,5.0
149,69,4.0
262,47,4.0
258,6,4.5
315,351,3.0
264,72,4.0
92,290,5.0
338,447,5.0
377,375,4.0
184,21,3.5
250,119,2.0
190,120,2.0
106,266,5.0
185,199,4.0
233,452,2.0
333,166,3.0
267,325,5.0
380,135,4.5
292,90,4.0
194,188,4.5
40,265,3.5
115,265,4.0
177,250,5.0
310,4,4.5
72,226,3.0
40,264,4.5
109,77,3.0
186,309,5.0
61,339,3.5
170,369,3.0
346,246,4.0
303,83,4.5
211,12,3.5
66,294,4.5
69,323,4.5
294,76,2.0
133,473,3.0
208,307,5.0
327,10,5.0
373,339,5.0
44,111,4.0
242,445,4.0
113,426,4.0
74,407,4.5
393,94,4.5
262,136,3.0
352,176,5.0
306,303,2.5
194,198,3.0
9,104,4.5
259,351,4.0
77,311,2.5
244,462,4.5
20,450,5.0
258,386,3.0
247,338,3.0
309,277,5.0
397,348,4.5
268,216,4.0
23,358,4.5
118,481,5.0
394,196,4.0
380,465,5.0
357,295,3.0
69,131,4.0
120,466,5.0
146,307,5.0
210,132,3.0
364,381,5.0
296,268,3.0
4,193,4.5
353,412,4.0
186,55,3.0
334,300,3.5
275,217,4.5
314,142,5.0
204,387,3.5
283,402,4.5
92,190,4.5
248,130,5.0
296,177,5.0
204,377,3.0
338,61,5.0
229,401,5.0
83,52,3.5
206,403,4.0
282,315,5.0
362,27,3.0
326,3,5.0
75,242,5.0
223,46,2.0
114,190,2.5
20,371,4.0
206,315,4.5
147,365,5.0
30,485,5.0
90,328,4.5
6,104,5.0
266,147,3.5
307,262,4.5
119,315,3.0
19,185,3.5
1,500,3.0
142,400,4.0
343,203,4.0
103,266,1.0
361,36,5.0
282,146,5.0
287,469,4.5
178,494,5.0
116,311,5.0
233,477,4.0
3,134,3.0
260,55,4.5
258,151,4.0
60,412,4.5
132,449,4.5
295,129,5.0
194,289,4.0
125,388,4.0
398,235,5.0
301,442,1.5
60,133,2.5
325,404,5.0
347,360,3.5
162,212,5.0
265,275,1.0
135,128,3.5
205,345,5.0
176,39,4.5
92,244,4.0
112,458,4.5
94,485,5.0
98,256,5.0
121,377,3.5
136,106,3.5
128,429,4.5
80,399,3.0
41,347,5.0
253,315,1.0
278,491,2.0
247,191,4.5
253,460,5.0
295,445,3.5
94,392,5.0
144,204,3.5
296,66,2.0
217,245,5.0
17,258,4.0
352,398,3.0
62,358,4.5
162,353,1.0
346,108,4.0
52,167,4.0
133,96,4.5
122,138,4.0
314,176,4.0
256,218,3.5
359,386,4.0
206,144,4.0
293,68,5.0
352,118,5.0
370,139,5.0
285,222,5.0
101,75,5.0
379,77,4.0
5,91,4.0
69,458,5.0
265,274,5.0
250,154,3.5
291,25,4.0
354,84,2.0
131,244,5.0
50,231,5.0
134,185,4.0
286,478,5.0
177,11,4.0
180,445,5.0
311,102,4.5
333,333,4.5
400,146,4.0
345,262,4.5
378,229,5.0
196,315,3.5
324,490,3.0
86,328,5.0
173,216,4.5
293,208,5.0
37,41,3.0
117,161,4.0
150,364,3.5
331,203,3.5
228,400,5.0
186,383,4.5
231,212,3.0
12,65,5.0
339,129,5.0
359,384,2.5
86,204,3.0
33,480,5.0
281,28,1.5
204,269,5.0
43,54,3.5
80,44,4.5
200,159,3.5
378,146,4.0
65,68,4.5
88,15,2.0
183,441,5.0
244,240,5.0
277,479,3.5
228,70,5.0
358,277,3.0
306,234,4.5
326,450,4.5
269,328,4.5
159,466,4.0
277,117,5.0
227,158,4.0
134,80,4.0
1,268,5.0
70,177,3.5
274,5,5.0
252,485,5.0
154,5,5.0
150,306,3.5
4,281,4.0
211,452,4.5
203,128,3.0
378,331,4.0
194,113,3.5
217,321,3.5
392,410,5.0
356,351,3.5
333,381,4.5
138,212,3.0
36,94,3.0
57,327,4.0
232,140,5.0
252,97,4.0
78,26,5.0
12,96,5.0
145,138,3.0
225,373,1.0
47,78,1.0
112,176,4.0
256,191,4.0
17,170,2.5
385,488,3.0
137,398,4.0
279,241,3.0
129,419,4.0
7,63,5.0
366,128,4.0
227,127,5.0
18,102,4.0
395,49,4.5
107,243,4.0
160,480,4.0
323,373,2.0
282,267,3.0
247,327,4.0
185,455,2.0
342,112,5.0
121,325,4.0
8,86,5.0
300,62,4.0
125,5,5.0
298,402,5.0
353,306,3.0
395,46,3.5
256,47,5.0
174,477,5.0
389,321,2.0
183,331,3.0
275,406,3.0
250,120,4.0
286,404,4.5
178,413,5.0
376,99,1.5
194,184,5.0
129,461,2.0
362,225,4.5
278,357,4.5
291,96,4.5
166,375,4.0
307,469,5.0
83,36,4.5
231,152,5.0
278,188,4.0
398,327,4.5
376,95,5.0
318,439,4.0
318,123,4.0
33,338,5.0
199,98,4.5
255,393,4.5
314,145,4.0
329,165,3.0
268,338,2.5
67,92,5.0
104,55,4.5
51,17,4.5
199,337,4.5
320,360,4.5
26,188,3.5
368,37,1.0
107,336,4.5
41,240,5.0
32,185,4.5
213,421,4.0
363,30,5.0
137,271,2.0
37,428,4.0
111,492,4.5
52,372,3.5
198,98,3.0
337,128,4.5
92,286,5.0
213,383,3.0
327,296,4.0
235,360,4.5
54,86,5.0
282,206,4.5
337,81,4.5
308,227,5.0
162,282,5.0
167,433,4.0
392,325,4.0
372,166,4.5
289,280,3.5
393,282,5.0
131,185,5.0
230,492,4.0
372,18,5.0
306,9,4.5
155,4,4.0
114,110,5.0
12,396,5.0
354,422,3.5
284,262,4.5
293,80,2.5
236,183,3.0
136,188,5.0
128,120,3.5
154,48,4.5
292,470,3.5
40,371,4.0
248,89,4.5
354,360,4.5
49,305,4.5
20,375,5.0
196,41,5.0
395,172,4.0
223,214,5.0
62,446,5.0
383,335,5.0
6,325,5.0
196,28,4.0
22,164,4.5
77,168,4.5
114,79,2.0
375,202,5.0
386,305,4.5
47,114,4.0
202,76,3.0
43,244,4.5
26,281,4.0
44,205,4.5
397,358,3.0
70,247,4.5
250,203,4.5
101,288,4.5
377,269,3.5
37,137,5.0
166,351,5.0
46,58,4.5
217,188,4.0
165,177,4.5
13,395,4.0
180,316,5.0
227,320,3.0
23,474,5.0
103,351,4.0
388,373,5.0
58,379,2.0
318,475,3.0
148,8,4.0
57,157,4.0
12,170,3.5
276,109,3.5
268,385,3.5
248,319,5.0
73,356,5.0
10,193,4.5
340,270,2.0
88,31,3.5
357,317,3.5
239,336,5.0
35,199,4.5
340,437,5.0
185,443,3.0
150,445,5.0
198,119,5.0
261,364,3.0
162,249,5.0
273,46,3.0
257,495,4.0
365,12,2.0
272,157,4.0
202,382,3.0
178,351,4.0
321,155,3.5
257,142,5.0
321,132,5.0
16,484,4.5
144,116,3.0
202,337,3.0
374,196,4.5
348,314,5.0
352,117,4.0
294,79,4.0
160,466,4.5
230,278,3.0
335,71,4.5
351,410,3.5
71,159,5.0
269,466,3.0
395,75,4.5
290,470,3.0
35,286,4.5
369,61,3.0
75,373,1.5
164,451,5.0
211,156,4.0
327,478,5.0
78,399,3.0
68,95,1.5
314,316,3.5
291,314,3.5
119,119,5.0
184,41,5.0
245,69,4.5
310,241,5.0
192,95,5.0
252,243,3.0
99,116,1.5
392,497,1.0
139,487,4.0
381,344,5.0
388,105,2.5
225,444,4.5
353,167,5.0
127,219,4.0
22,312,5.0
195,369,4.0
314,481,5.0
305,275,4.5
361,403,2.0
56,232,4.0
22,450,5.0
266,276,4.0
377,21,4.5
265,392,4.5
26,98,4.0
204,453,4.0
147,237,3.0
151,314,5.0
354,265,5.0
238,425,4.5
47,370,4.5
93,399,4.5
357,280,3.0
212,166,4.0
92,233,4.5
365,459,3.5
233,47,3.5
355,333,5.0
84,368,5.0
47,59,5.0
325,186,2.5
363,197,5.0
262,314,5.0
194,282,4.0
394,88,5.0
290,447,4.5
77,84,5.0
92,394,5.0
215,158,4.0
394,493,4.0
321,93,3.0
68,492,3.5
319,392,3.5
235,255,5.0
279,414,1.0
253,122,3.5
338,244,4.0
227,41,4.5
4,126,5.0
143,318,4.5
107,26,3.0
29,335,4.0
75,438,2.0
296,430,4.5
170,472,2.5
56,214,5.0
83,345,3.5
339,355,5.0
294,404,4.5
234,384,4.5
19,48,5.0
166,189,5.0
35,389,4.0
282,34,4.0
69,63,5.0
141,169,4.5
269,108,5.0
314,30,3.0
374,323,4.5
45,248,5.0
310,479,5.0
362,148,4.0
163,133,4.5
320,182,5.0
315,289,4.5
374,324,4.5
93,453,4.5
363,149,5.0
1,61,1.5
321,408,3.0
107,410,4.5
213,212,2.0
180,287,5.0
109,6,4.5
354,145,3.5
35,158,4.0
282,166,5.0
59,352,4.0
203,371,4.5
15,427,3.0
170,427,4.0
345,246,5.0
19,331,3.0
80,322,4.0
275,459,4.0
212,476,5.0
267,154,4.5
348,162,4.5
10,107,4.5
170,410,5.0
182,34,5.0
144,431,1.5
193,321,4.5
85,293,4.5
96,305,3.0
385,158,5.0
162,364,1.5
212,45,4.5
122,191,4.0
155,111,4.5
90,58,4.0
20,399,3.5
48,228,4.5
248,464,4.5
98,175,5.0
376,448,4.5
398,168,3.0
51,421,5.0
265,347,5.0
106,371,2.0
199,366,5.0
60,3,4.0
23,352,5.0
45,171,4.0
24,53,4.5
338,382,4.0
296,389,4.0
108,165,3.5
147,142,4.5
396,226,4.5
140,77,3.0
59,8,5.0
287,264,3.0
278,180,4.5
139,73,5.0
146,294,3.5
37,160,4.5
174,277,4.0
67,15,4.0
346,26,3.0
28,45,4.0
92,361,4.5
304,323,5.0
359,229,4.5
160,171,5.0
366,389,4.5
274,41,5.0
387,392,4.0
68,48,5.0
358,240,3.0
159,351,4.5
393,239,4.0
115,74,5.0
316,133,5.0
201,94,5.0
341,170,5.0
167,233,4.5
34,244,3.0
246,237,5.0
145,394,4.0
295,66,4.5
208,419,5.0
55,167,4.5
37,406,4.0
237,206,4.5
123,318,3.5
82,499,4.0
34,175,3.5
356,303,4.0
223,291,5.0
279,356,3.5
340,343,2.5
365,294,5.0
59,304,4.5
167,285,3.0
228,91,4.0
208,36,4.5
351,417,4.5
195,168,4.5
339,32,2.5
72,455,4.5
387,326,5.0
388,76,4.5
232,273,4.0
316,296,4.0
106,349,5.0
154,292,5.0
348,156,5.0
223,368,5.0
177,46,4.5
314,262,4.0
66,437,4.0
190,462,4.5
28,1,5.0
184,57,5.0
16,121,4.0
303,202,4.5
365,196,4.0
223,280,3.5
89,244,3.0
285,197,5.0
185,431,4.0
148,447,4.5
69,6,2.5
9,74,5.0
250,337,4.0
70,44,3.0
213,441,4.0
357,310,5.0
320,93,4.0
218,283,5.0
197,182,3.5
218,310,1.0
256,434,5.0
365,257,3.5
280,296,4.0
20,291,4.0
189,58,4.5
354,41,3.0
375,270,5.0
385,399,3.5
265,41,4.5
313,46,3.5
323,380,4.5
343,40,5.0
277,409,4.5
314,28,5.0
274,399,1.0
233,263,5.0
294,376,4.0
181,492,5.0
151,149,3.0
356,473,4.5
156,373,5.0
134,32,4.5
297,87,4.5
337,150,5.0
320,14,3.5
43,65,4.5
143,130,3.0
144,141,5.0
8,380,3.0
90,466,4.5
78,338,4.0
90,134,5.0
121,249,3.0
271,442,2.0
44,496,3.0
79,429,4.5
212,395,4.0
339,226,5.0
86,108,4.5
177,28,4.5
387,420,3.0
86,238,4.0
155,244,5.0
386,473,4.5
195,350,5.0
243,135,3.0
223,7,3.5
230,196,5.0
272,350,5.0
50,470,4.5
182,490,5.0
313,471,4.5
140,172,3.5
51,131,4.5
201,237,5.0
384,124,5.0
302,395,3.5
173,347,5.0
93,161,4.5
345,5,5.0
7,211,3.0
54,351,4.0
113,372,3.5
99,18,1.5
48,30,5.0
337,458,5.0
307,327,3.0
62,45,5.0
67,193,4.5
332,290,5.0
95,459,3.0
95,130,4.0
339,480,2.5
233,473,5.0
394,219,5.0
342,395,5.0
132,83,5.0
142,398,2.0
199,171,5.0
133,490,5.0
92,226,2.5
103,313,4.0
331,252,3.0
277,394,4.0
315,330,3.0
227,367,3.5
18,38,2.5
373,129,5.0
10,460,4.5
335,328,1.0
20,341,4.0
78,359,4.0
201,295,1.0
363,482,5.0
245,224,4.0
373,400,5.0
36,277,3.5
197,489,5.0
400,247,3.0
275,479,5.0
171,350,4.0
29,324,5.0
332,47,4.0
175,42,5.0
390,393,3.5
104,91,4.5
197,339,3.0
357,200,5.0
323,353,4.0
44,454,4.5
377,98,3.0
99,13,5.0
304,123,4.5
33,406,4.5
158,256,4.5
231,495,5.0
19,174,2.0
370,22,4.0
109,414,4.5
268,235,5.0
275,77,5.0
120,474,2.5
377,73,4.5
10,242,5.0
317,24,3.5
333,67,1.0
324,26,5.0
50,234,4.5
303,33,5.0
55,59,4.5
316,113,2.0
104,219,4.0
378,348,4.0
62,500,5.0
280,71,4.0
110,392,2.0
89,172,2.0
141,73,5.0
87,357,4.0
85,225,3.5
298,21,3.0
324,314,4.0
81,9,5.0
42,4,1.0
46,362,4.5
146,214,5.0
396,244,5.0
106,74,4.5
268,231,4.0
90,313,5.0
306,93,5.0
314,487,2.5
155,179,4.0
286,121,3.0
272,49,4.5
390,277,4.5
238,395,4.5
107,142,2.0
58,408,3.0
243,255,3.0
344,473,2.0
331,187,3.5
223,129,4.0
389,233,2.0
380,27,5.0
91,81,5.0
249,264,3.0
121,370,4.0
297,167,4.0
383,347,5.0
118,399,3.0
117,51,3.5
212,446,3.5
113,38,4.0
249,28,5.0
75,111,5.0
233,92,4.0
70,235,5.0
324,184,5.0
104,172,3.0
355,292,2.0
70,57,5.0
235,215,3.0
176,113,5.0
310,81,5.0
327,488,4.5
88,296,5.0
118,45,4.0
268,251,5.0
111,303,4.0
237,143,1.0
220,377,5.0
127,168,4.0
114,457,5.0
77,468,4.5
3,214,5.0
21,241,5.0
259,18,4.0
202,246,5.0
357,421,3.0
254,124,2.5
386,7,5.0
209,487,3.5
184,152,3.5
47,9,4.0
157,83,5.0
293,383,4.5
233,238,5.0
361,208,3.0
190,321,4.0
325,1,5.0
37,198,5.0
171,272,2.0
219,386,3.5
314,278,4.5
107,404,5.0
318,451,4.0
29,264,5.0
346,187,5.0
57,197,4.0
317,21,4.0
90,332,4.5
35,288,5.0
105,71,5.0
123,277,3.0
245,378,5.0
298,447,5.0
108,386,5.0
116,165,4.0
137,258,5.0
142,28,2.0
177,232,4.5
270,425,3.0
364,273,5.0
273,461,4.0
318,189,5.0
355,415,5.0
34,97,5.0
235,45,2.5
92,148,5.0
40,56,3.0
58,357,3.0
78,448,3.5
322,12,4.0
350,278,5.0
243,178,4.0
378,331,1.5
97,33,1.5
119,428,5.0
331,172,4.0
176,336,4.5
168,249,4.5
357,272,5.0
228,235,4.0
68,460,5.0
88,405,3.5
248,191,5.0
395,433,2.0
181,146,4.0
86,317,5.0
365,275,3.5
90,430,5.0
342,407,3.0
122,60,2.0
163,295,3.0
134,190,3.0
288,363,2.0
163,177,3.0
230,277,5.0
274,155,3.0
13,208,5.0
394,75,5.0
164,80,1.0
379,280,5.0
170,332,5.0
243,459,3.5
387,294,4.5
290,374,5.0
227,174,5.0
375,246,5.0
72,348,4.5
158,13,4.0
113,229,4.0
168,29,4.5
100,299,4.5
393,143,3.5
43,276,5.0
347,344,5.0
263,202,3.5
163,309,4.5
29,466,4.5
204,76,5.0
219,190,4.0
7,146,4.0
158,229,5.0
45,111,5.0
228,380,5.0
227,148,3.0
373,497,5.0
374,459,4.0
301,307,2.5
107,156,4.0
269,172,2.5
303,388,4.0
4,210,4.5
140,213,3.0
237,364,4.5
71,103,3.0
196,149,4.5
22,422,5.0
300,156,4.5
379,238,3.5
2,79,3.5
328,428,4.5
64,335,4.5
148,214,3.0
353,331,3.5
62,392,3.5
35,307,5.0
298,247,4.5
133,322,5.0
356,419,3.0
263,376,4.5
133,84,4.5
75,164,4.0
355,70,4.0
28,140,4.0
326,467,5.0
25,149,4.0
328,480,2.5
100,393,4.5
392,49,4.5
86,279,4.0
162,424,5.0
155,139,5.0
353,186,2.5
297,181,5.0
7,71,4.5
191,399,4.5
175,472,5.0
53,112,3.0
114,426,3.0
287,315,5.0
270,434,4.5
283,360,5.0
59,214,4.0
40,60,5.0
9,246,4.0
354,186,3.0
227,456,5.0
268,391,5.0
89,364,4.0
382,418,3.0
66,439,5.0
353,117,4.0
108,67,5.0
218,354,5.0
58,40,1.5
248,388,4.0
101,56,2.0
338,263,4.5
241,61,5.0
23,34,4.0
6,387,2.5
64,472,4.5
301,462,3.5
344,180,1.5
75,434,5.0
143,486,4.5
181,83,5.0
400,374,4.5
259,292,2.5
297,391,1.0
112,367,3.0
145,88,5.0
276,3,5.0
51,474,3.5
259,436,5.0
188,358,4.5
226,345,5.0
93,428,4.0
195,218,3.5
117,209,3.0
161,64,4.0
267,70,4.5
185,361,3.5
370,21,2.5
253,60,4.0
234,308,5.0
352,500,5.0
116,284,4.0
220,97,5.0
244,481,5.0
92,7,5.0
252,345,3.0
225,268,4.5
44,62,3.0
206,356,4.5
53,380,5.0
87,34,4.0
102,174,3.5
207,63,3.5
218,372,4.5
392,366,5.0
304,140,5.0
330,483,4.0
244,342,4.5
208,249,4.5
76,394,4.0
63,129,4.5
119,322,5.0
16,51,5.0
35,256,5.0
92,196,4.5
168,79,4.0
320,50,5.0
339,385,4.5
253,406,4.0
151,339,4.5
259,134,4.5
277,280,1.5
392,17,5.0
61,197,4.0
193,227,4.0
17,91,4.5
400,156,5.0
85,252,4.0
160,367,4.0
392,57,4.5
252,338,4.5
277,293,4.0
288,438,3.0
29,201,3.5
303,498,4.0
347,181,5.0
146,165,2.0
303,24,3.0
188,179,5.0
299,14,5.0
321,175,4.0
220,177,5.0
211,180,2.0
126,127,3.5
160,304,2.5
353,34,5.0
59,173,3.0
276,167,2.0
337,443,4.0
264,462,4.0
11,357,4.0
12,163,4.0
200,166,4.5
251,52,5.0
106,173,4.5
392,342,4.0
315,154,4.0
224,104,4.5
39,431,5.0
110,148,3.5
153,294,4.0
116,320,5.0
48,368,5.0
49,304,4.0
35,291,5.0
244,219,3.5
40,334,5.0
259,412,4.0
340,277,4.0
213,206,3.5
264,233,4.5
281,93,5.0
322,361,4.5
96,296,4.5
339,493,5.0
240,138,5.0
273,415,4.5
394,465,4.0
290,373,4.5
268,103,4.0
76,124,3.0
351,392,4.0
223,211,4.0
33,325,3.5
212,137,5.0
331,83,3.5
308,121,4.0
59,77,3.0
126,409,5.0
238,249,4.5
224,217,4.5
19,104,3.0
70,15,3.5
143,338,4.5
330,437,2.0
370,249,5.0
29,441,5.0
161,309,4.0
33,462,5.0
187,344,4.5
47,204,5.0
371,432,3.0
58,293,5.0
62,268,4.5
298,487,5.0
269,129,4.5
47,122,4.5
396,414,4.0
300,378,4.0
384,381,3.5
217,112,3.0
90,110,5.0
226,210,3.5
302,29,4.5
192,359,5.0
163,280,4.0
350,127,5.0
75,186,4.0
189,421,4.0
331,496,5.0
18,431,5.0
28,354,5.0
344,123,3.5
197,159,4.5
359,186,5.0
351,63,4.5
122,440,4.0
5,466,5.0
131,155,2.5
388,121,4.0
83,469,4.0
163,451,5.0
330,209,5.0
141,444,2.5
400,482,4.5
378,212,5.0
171,368,4.0
52,423,3.0
134,260,2.5
216,309,5.0
281,378,4.0
356,15,5.0
329,329,3.0
228,406,4.5
2,206,3.5
157,161,4.5
57,81,3.5
366,497,5.0
333,391,3.0
305,352,4.0
164,232,4.0
377,69,3.5
352,304,5.0
145,102,2.5
189,94,4.0
194,484,5.0
293,115,1.5
12,473,4.5
314,321,3.5
46,499,4.0
135,360,5.0
26,206,4.5
308,134,3.0
189,88,5.0
61,8,5.0
223,396,5.0
233,424,4.5
61,115,5.0
98,485,5.0
137,148,5.0
196,67,4.0
106,308,3.5
145,373,4.5
215,93,4.0
75,15,3.5
135,121,4.5
128,190,4.5
332,235,2.5
241,69,5.0
355,204,5.0
366,197,5.0
377,306,3.5
49,286,2.0
171,477,3.5
182,311,5.0
307,364,5.0
24,3,3.5
318,196,4.0
203,344,4.0
287,22,4.5
134,87,4.5
174,450,4.0
46,163,5.0
222,73,3.5
161,23,5.0
256,447,5.0
144,383,4.0
221,145,5.0
135,314,5.0
136,265,4.0
85,162,5.0
252,392,5.0
285,437,5.0
326,409,4.0
97,77,2.0
94,19,4.0
84,362,4.0
60,459,5.0
21,227,4.0
364,288,4.5
253,58,5.0
76,64,4.0
105,445,3.5
87,384,4.5
140,289,5.0
300,109,4.5
3,270,5.0
93,214,5.0
127,394,4.5
49,455,4.0
146,349,5.0
63,202,4.0
55,429,4.0
15,42,4.0
363,338,4.0
322,490,3.5
337,3,4.0
23,336,4.5
232,167,5.0
376,465,5.0
292,67,3.5
25,411,4.5
166,409,2.0
37,281,5.0
196,48,4.0
92,123,5.0
205,46,1.5
107,84,4.0
207,146,4.5
335,79,3.0
252,411,4.0
159,463,5.0
68,184,4.5
189,263,3.5
229,454,4.0
138,289,4.5
47,388,4.0
189,315,3.0
323,219,2.5
263,175,5.0
347,115,4.5
366,80,5.0
270,323,4.5
43,149,4.0
41,465,5.0
154,77,5.0
351,463,4.0
128,268,4.0
292,25,4.5
24,263,3.0
218,212,2.5
339,369,4.5
130,182,3.5
42,394,4.5
59,380,4.5
92,403,3.0
202,24,2.5
361,153,4.0
371,233,5.0
231,320,5.0
175,495,5.0
96,109,3.0
383,310,3.5
345,55,4.0
10,3,4.0
7,88,4.5
236,355,4.0
337,495,5.0
372,250,4.0
316,185,5.0
354,346,4.0
155,45,3.0
8,98,3.0
9,357,5.0
14,108,4.0
75,333,3.5
321,440,5.0
98,45,4.0
238,76,4.0
12,60,3.0
79,379,5.0
249,242,1.5
231,300,3.5
151,292,5.0
201,27,4.0
53,323,5.0
222,213,5.0
378,297,4.5
284,149,2.0
205,249,4.5
372,314,5.0
250,119,5.0
271,10,4.0
162,284,2.0
332,214,5.0
60,254,4.5
331,178,4.0
224,11,3.0
372,99,4.0
225,119,4.5
301,466,5.0
309,437,5.0
337,240,3.0
151,371,5.0
214,427,5.0
335,377,4.0
242,410,5.0
83,319,3.5
354,384,2.5
248,67,3.0
81,311,4.5
213,483,5.0
156,121,3.5
25,10,4.0
134,183,4.5
90,424,5.0
258,17,5.0
173,221,3.0
117,62,4.5
250,133,5.0
182,394,2.0
286,137,5.0
354,448,4.5
343,54,5.0
225,410,4.0
387,57,5.0
313,313,5.0
53,422,4.5
260,54,3.0
61,446,3.5
186,81,5.0
363,227,5.0
256,376,5.0
79,332,4.0
71,63,5.0
225,497,4.0
394,4,3.5
243,175,3.5
88,44,3.5
367,387,4.0
323,341,3.5
386,386,4.5
117,71,5.0
212,471,4.0
235,488,5.0
350,186,5.0
227,75,5.0
368,413,4.5
36,44,4.0
206,396,3.0
32,202,5.0
339,473,4.5
295,30,5.0
366,410,4.5
267,499,4.0
206,454,5.0
284,448,4.0
381,161,5.0
5,424,3.5
271,313,5.0
359,207,4.0
106,455,4.5
317,334,4.0
177,455,5.0
333,208,5.0
155,44,2.0
172,200,5.0
379,451,3.0
277,146,3.5
262,283,4.0
175,388,4.5
12,15,5.0
277,304,3.5
397,156,5.0
259,57,5.0
191,133,4.5
182,64,2.0
334,482,3.0
153,294,5.0
233,174,5.0
382,298,4.5
322,341,4.5
305,120,4.0
146,342,5.0
367,294,4.5
366,194,4.5
127,54,4.0
299,99,5.0
185,233,3.0
365,218,5.0
42,48,2.0
67,244,3.5
40,190,4.5
207,302,4.5
399,203,5.0
300,256,4.5
226,353,5.0
251,375,5.0
84,74,4.5
249,365,4.0
361,263,5.0
61,356,3.5
243,17,5.0
287,190,5.0
61,309,5.0
57,62,4.0
149,21,4.5
61,191,4.0
192,156,4.0
15,406,3.0
302,216,2.0
157,456,3.5
94,420,5.0
2,63,4.5
35,446,2.0
247,294,4.0
232,461,4.0
194,244,5.0
311,68,5.0
259,326,4.0
231,342,4.0
373,167,2.5
320,341,4.5
199,120,5.0
174,277,2.0
344,456,4.0
143,331,2.5
85,363,1.5
323,408,5.0
159,288,4.5
330,287,2.5
317,278,4.5
28,491,4.5
97,385,4.0
10,62,4.5
273,93,5.0
141,403,3.5
362,430,5.0
228,44,5.0
311,165,4.0
24,252,5.0
12,175,4.0
213,13,5.0
163,196,3.5
59,51,4.5
147,74,3.0
394,46,3.0
209,348,3.0
315,493,4.0
14,366,2.0
200,51,4.0
212,458,4.0
193,483,5.0
62,27,3.5
386,306,4.5
253,261,5.0
198,487,3.0
32,163,4.0
209,34,4.5
209,325,3.5
10,138,4.5
301,346,3.0
391,285,4.5
65,156,4.5
229,43,5.0
257,105,5.0
73,192,4.5
87,401,3.5
217,493,5.0
232,22,1.0
238,493,5.0
149,335,5.0
1,31,5.0
247,140,4.5
349,195,5.0
324,109,4.5
262,145,2.0
379,274,4.5
154,46,4.0
63,426,3.0
285,144,5.0
108,313,4.5
163,453,5.0
176,326,3.5
386,363,4.0
126,340,5.0
175,108,4.0
307,169,1.0
355,69,4.5
2,312,4.0
5,345,3.0
285,459,5.0
251,391,4.0
42,404,5.0
334,40,4.5
344,228,4.5
181,498,5.0
308,184,4.0
394,416,5.0
5,64,4.0
99,228,1.0
381,11,5.0
349,472,5.0
99,47,5.0
321,156,5.0
114,120,5.0
186,19,3.5
361,362,4.5
4,101,5.0
327,203,3.0
143,292,4.5
88,283,3.5
379,290,4.5
309,290,3.0
302,66,5.0
66,133,5.0
117,452,4.5
141,99,5.0
12,497,5.0
273,315,3.5
287,453,4.0
219,329,4.5
333,27,5.0
166,222,5.0
209,141,3.0
266,239,4.5
265,389,2.0
370,115,2.0
216,273,4.0
3,201,3.5
42,451,4.5
13,378,3.5
354,217,5.0
128,101,3.0
160,33,4.5
50,15,4.0
13,304,5.0
172,431,3.5
56,243,3.5
175,427,2.0
171,267,5.0
38,398,4.5
225,392,2.5
229,297,3.0
32,470,2.0
161,456,5.0
34,401,3.0
227,29,4.0
321,222,2.5
347,29,4.5
151,436,4.0
50,317,5.0
120,443,4.5
338,320,1.0
197,238,5.0
318,318,3.0
334,481,4.5
14,233,4.5
301,99,3.0
7,305,5.0
304,405,5.0
294,65,4.5
132,182,4.0
372,318,4.0
125,71,5.0
31,66,4.0
224,263,5.0
387,184,4.0
278,398,3.0
241,159,4.5
150,189,5.0
266,301,4.5
75,30,3.5
287,440,2.0
177,101,5.0
328,466,3.5
36,175,3.0
244,356,5.0
240,308,5.0
297,290,5.0
316,154,4.0
84,54,4.0
22,254,3.5
2,328,3.5
118,239,4.5
123,247,5.0
170,414,5.0
106,205,3.0
4,186,1.0
184,16,4.5
73,149,4.0
324,300,5.0
185,23,5.0
102,102,3.5
113,454,3.5
90,174,5.0
126,92,3.5
91,432,3.5
52,11,5.0
71,195,4.5
57,174,5.0
157,234,3.5
191,339,3.0
270,410,5.0
223,450,5.0
61,74,5.0
67,407,3.0
273,194,5.0
163,307,4.0
326,126,5.0
391,316,4.5
275,151,5.0
168,127,2.0
144,447,3.0
261,496,4.5
251,108,5.0
241,405,4.5
34,86,4.5
385,452,4.5
261,192,4.5
238,92,4.0
192,270,5.0
367,490,4.5
138,298,4.0
299,333,2.0
113,459,3.5
121,203,3.5
218,456,4.0
81,479,5.0
131,282,2.5
385,44,4.0
266,181,3.5
22,239,4.5
173,219,4.0
222,210,4.0
255,163,3.5
13,92,4.0
136,331,2.5
43,151,5.0
263,280,4.5
142,475,3.5
61,37,4.0
280,103,4.0
346,169,3.5
382,418,5.0
141,98,5.0
71,438,5.0
379,279,5.0
5,395,4.0
178,401,5.0
208,421,4.5
336,7,4.0
263,390,5.0
204,117,3.5
384,108,4.0
265,301,5.0
388,240,5.0
237,175,5.0
161,434,3.0
395,483,5.0
108,225,4.0
286,16,4.0
296,448,3.0
378,5,4.5
338,428,4.0
116,215,4.0
386,207,5.0
354,276,4.0
301,12,4.5
17,473,3.0
170,291,4.5
309,468,4.5
201,196,3.5
201,33,4.5
97,244,3.0
292,493,4.0
156,48,3.0
346,284,3.0
353,309,4.5
96,102,2.5
198,146,3.5
150,338,4.5
233,30,4.0
6,88,4.0
211,201,3.0
57,67,4.5
245,381,2.5
106,67,5.0
159,222,5.0
341,244,3.0
295,481,4.0
104,258,5.0
235,142,3.5
74,229,2.0
205,310,5.0
270,169,5.0
252,236,4.0
21,378,2.5
331,452,5.0
178,359,5.0
153,201,4.5
90,213,3.5
317,376,4.0
197,467,4.5
358,292,2.5
358,485,2.0
81,141,5.0
276,150,4.5
35,358,5.0
112,466,4.5
391,284,3.0
189,40,5.0
259,393,5.0
210,231,3.0
107,260,2.0
14,38,4.5
346,384,4.0
176,382,4.0
100,204,2.0
129,59,5.0
70,168,4.5
238,249,4.0
43,281,4.5
366,487,4.0
242,421,3.5
83,88,5.0
311,52,3.0
64,274,5.0
87,40,4.5
6,347,3.5
226,184,3.0
366,18,5.0
273,111,4.0
25,429,4.5
268,329,4.5
338,460,3.0
354,158,4.0
307,3,2.0
194,393,3.5
128,192,5.0
103,47,1.0
15,8,4.0
99,349,4.5
113,491,5.0
341,86,5.0
23,213,4.5
168,166,4.5
98,320,3.5
278,203,5.0
62,119,3.5
183,166,3.0
206,335,4.0
200,109,4.0
34,337,5.0
333,320,4.0
35,454,3.5
155,393,4.5
53,365,4.5
292,88,3.5
49,308,4.0
324,357,4.0
395,356,3.0
90,326,5.0
353,163,5.0
342,247,2.5
10,312,5.0
230,196,4.5
380,120,4.5
361,7,3.5
316,389,5.0
159,122,5.0
388,125,4.5
31,71,4.0
152,104,3.0
105,329,2.0
372,307,5.0
228,379,5.0
69,143,4.0
390,21,4.5
213,332,5.0
385,13,3.5
376,170,4.0
106,277,2.0
341,128,5.0
357,369,3.5
196,267,4.0
227,323,1.0
252,36,5.0
27,325,5.0
105,65,2.5
304,282,5.0
105,121,4.5
219,372,4.0
85,370,3.5
218,91,4.5
156,147,4.5
326,104,3.5
247,41,5.0
185,204,4.0
242,226,4.0
313,377,4.0
80,420,5.0
247,11,5.0
219,438,2.5
154,305,4.5
284,373,3.0
195,238,4.0
146,193,4.5
247,37,4.0
367,241,3.5
98,3,1.0
257,374,5.0
252,208,5.0
203,497,5.0
197,251,4.0
302,37,4.0
20,472,3.0
290,84,3.5
224,491,3.5
385,370,4.0
364,251,4.5
189,357,2.0
198,475,4.0
127,125,4.0
186,324,5.0
15,358,4.5
76,134,4.5
349,76,3.5
309,297,5.0
83,7,3.0
48,330,5.0
197,204,5.0
42,266,5.0
217,85,5.0
130,355,4.0
273,338,5.0
301,158,5.0
386,449,5.0
46,56,4.5
398,409,4.0
74,138,5.0
384,204,5.0
4,87,5.0
1,50,2.5
357,214,4.5
336,148,5.0
88,91,4.0
361,69,3.5
94,258,5.0
231,291,5.0
96,103,2.0
94,415,5.0
133,462,5.0
226,321,5.0
56,445,4.5
41,151,2.5
64,142,2.0
16,300,3.5
249,345,5.0
5,32,3.5
4,341,4.5
22,50,3.5
4,193,4.5
390,137,5.0
243,388,4.0
220,173,4.0
176,162,5.0
185,341,4.0
313,30,5.0
170,413,3.0
234,446,5.0
372,428,5.0
72,14,4.5
272,144,5.0
385,418,3.5
232,317,5.0
244,264,4.0
97,2,5.0
165,9,4.5
24,497,5.0
167,348,4.0
311,249,4.0
314,407,2.5
220,481,5.0
244,338,5.0
52,376,4.0
311,100,5.0
267,449,4.5
367,259,1.5
255,408,2.5
345,281,5.0
240,87,5.0
60,247,4.5
124,125,3.5
386,484,4.5
46,55,4.0
367,15,3.0
168,463,4.0
144,113,5.0
341,244,5.0
344,64,4.5
274,325,5.0
47,408,5.0
115,478,4.5
308,34,4.5
194,467,5.0
377,372,4.0
329,402,4.5
224,414,3.5
133,60,4.0
58,46,4.0
304,480,3.0
60,294,4.0
161,489,4.0
378,1,4.0
303,275,3.0
199,217,4.0
187,409,5.0
65,267,4.5
303,114,3.0
5,276,5.0
162,75,5.0
152,429,3.5
349,234,3.0
146,75,5.0
360,18,4.5
159,258,5.0
64,141,5.0
362,294,4.0
111,254,4.0
193,31,5.0
171,79,5.0
108,435,5.0
116,359,5.0
398,92,5.0
373,201,4.0
338,468,5.0
12,281,4.0
217,348,4.0
179,388,4.0
37,271,5.0
145,357,5.0
359,439,4.5
50,68,4.0
298,444,5.0
364,156,4.0
84,296,3.0
357,248,4.0
75,108,3.5
384,101,5.0
5,186,5.0
295,53,5.0
76,193,5.0
219,348,5.0
29,50,4.0
243,92,5.0
61,264,4.5
304,223,5.0
322,370,4.0
18,61,3.5
251,155,5.0
89,335,5.0
398,355,5.0
344,338,2.5
238,443,5.0
196,141,4.5
228,189,1.0
60,43,3.0
329,343,5.0
116,12,4.5
294,246,3.5
382,49,5.0
93,197,4.5
331,360,4.0
293,65,3.0
33,366,5.0
276,95,4.0
359,11,4.0
275,402,5.0
251,33,4.5
300,276,5.0
334,64,5.0
107,495,4.5
61,93,5.0
356,93,1.0
229,410,4.0
21,66,4.5
335,83,2.5
132,436,5.0
44,64,4.5
187,495,4.5
217,484,4.5
128,154,2.0
266,464,5.0
338,274,4.0
296,252,5.0
268,467,5.0
181,311,4.5
108,353,3.0
23,122,2.0
73,154,5.0
111,491,3.0
283,111,4.5
143,66,5.0
217,39,4.5
134,196,4.5
84,205,4.0
131,347,4.0
356,74,4.5
37,323,5.0
325,357,4.5
366,191,4.5
332,421,4.5
84,215,5.0
162,404,4.0
14,494,4.5
40,139,3.0
57,351,4.5
34,169,4.5
186,466,4.0
140,75,5.0
116,141,1.0
194,497,3.5
54,401,5.0
90,270,5.0
157,302,5.0
251,49,4.5
359,293,5.0
283,139,4.5
25,88,4.0
385,200,3.0
380,348,5.0
273,283,4.5
207,245,4.5
133,5,5.0
366,80,4.5
74,194,4.5
137,28,5.0
328,499,4.0
399,128,5.0
215,362,4.0
225,182,5.0
258,147,3.5
220,267,5.0
118,157,4.5
45,486,4.0
395,161,5.0
325,41,2.5
123,484,2.5
295,30,2.5
147,284,5.0
6,493,5.0
347,261,5.0
70,246,4.5
351,347,5.0
358,64,4.0
316,98,5.0
382,4,5.0
360,274,5.0
126,379,4.5
271,351,4.5
311,230,5.0
346,477,5.0
269,463,3.5
39,188,5.0
264,181,5.0
217,254,4.0
192,497,3.0
348,128,5.0
393,440,3.0
154,248,4.0
110,2,5.0
292,202,3.5
157,476,5.0
330,264,5.0
19,479,4.0
317,435,4.5
183,4,4.5
169,153,4.0
3,180,5.0
96,206,4.0
52,221,4.5
44,271,4.5
79,211,3.0
250,4,3.0
337,129,3.5
203,192,4.0
220,457,3.0
138,56,5.0
337,430,4.0
72,182,5.0
3,184,5.0
364,102,3.0
146,21,3.0
216,381,4.0
17,83,4.5
246,492,4.5
137,61,4.0
282,254,5.0
366,66,4.0
392,400,5.0
257,372,5.0
200,68,3.0
56,406,1.5
80,177,4.5
393,351,3.5
348,425,4.0
306,378,1.0
246,149,3.5
43,390,4.0
317,79,5.0
96,128,3.5
59,443,3.5
359,127,4.5
220,102,4.0
53,359,5.0
313,93,3.0
303,323,4.5
118,62,3.0
20,141,5.0
75,219,1.5
103,47,5.0
195,209,4.5
359,325,5.0
114,173,4.0
32,262,4.0
27,156,3.0
187,144,5.0
365,215,3.5
25,94,2.0
27,339,5.0
109,147,4.0
311,52,4.0
130,486,4.5
172,156,3.0
343,7,5.0
395,442,3.0
185,380,5.0
381,399,4.5
310,191,3.5
142,108,4.5
45,455,3.0
323,381,4.5
22,301,5.0
336,419,3.0
361,229,5.0
39,483,4.5
176,155,5.0
390,104,4.5
79,23,3.0
215,282,5.0
389,437,5.0
287,500,4.0
188,230,4.5
61,467,4.0
248,215,4.5
258,405,1.5
307,141,5.0
67,149,2.0
290,32,5.0
356,98,5.0
204,254,5.0
263,498,2.5
225,385,4.5
288,400,4.0
311,140,3.5
2,82,4.5
304,357,1.0
263,234,4.5
369,269,3.5
113,152,5.0
283,61,3.0
24,274,3.5
21,328,3.0
143,475,3.0
27,329,5.0
108,274,3.0
333,178,4.5
189,167,2.5
362,453,4.5
370,69,4.0
314,151,4.0
30,321,5.0
183,113,5.0
144,91,3.5
9,276,4.5
399,481,5.0
55,370,5.0
196,485,4.5
321,325,4.5
106,419,4.0
167,138,3.5
323,414,5.0
203,80,4.0
374,372,4.0
76,462,4.0
254,93,4.0
91,97,4.5
374,93,4.5
11,159,3.0
91,419,4.0
312,97,2.5
37,219,3.5
331,497,4.0
371,270,3.0
385,414,1.0
52,194,4.0
57,424,1.0
330,479,2.0
128,395,2.5
74,481,4.5
7,406,5.0
55,278,5.0
174,437,5.0
104,72,4.0
289,457,4.0
84,158,4.0
80,125,2.0
355,137,4.5
64,11,5.0
53,279,4.0
262,454,5.0
73,1,5.0
13,117,4.0
76,181,4.5
116,472,5.0
197,352,5.0
58,252,3.0
57,115,3.0
145,183,2.5
171,61,4.0
44,459,2.0
78,92,4.0
172,308,3.0
218,77,5.0
352,155,4.5
147,179,5.0
139,470,4.5
189,478,3.5
365,409,2.5
2,442,5.0
77,399,4.5
164,76,4.0
370,408,5.0
245,418,2.5
296,219,5.0
143,75,2.5
66,94,5.0
181,164,4.5
247,356,5.0
309,407,4.5
71,411,5.0
126,197,4.0
255,276,4.5
273,275,5.0
197,43,4.5
216,270,4.5
356,416,5.0
360,45,3.5
2,105,5.0
9,186,4.5
69,472,3.0
179,185,5.0
399,420,3.0
236,74,5.0
283,498,5.0
216,125,3.5
115,29,5.0
61,493,5.0
74,194,5.0
357,495,4.0
28,360,3.0
298,38,4.0
305,446,3.0
76,188,3.0
126,40,1.0
214,77,5.0
241,381,3.0
271,358,5.0
241,211,5.0
228,401,4.5
7,147,3.0
31,452,4.5
310,385,3.0
83,6,4.0
217,349,5.0
233,284,5.0
133,471,4.5
157,364,3.5
81,140,5.0
268,194,5.0
65,381,3.5
317,29,3.5
95,422,5.0
287,310,5.0
355,240,4.0
335,329,4.0
195,85,2.0
191,332,4.0
139,56,3.0
186,309,5.0
172,15,3.5
84,278,3.0
109,306,1.0
159,97,4.5
327,476,2.0
138,44,5.0
290,23,4.5
248,24,2.0
48,484,4.0
183,385,3.5
204,257,3.5
385,201,5.0
67,360,4.5
170,209,5.0
258,52,4.5
397,77,1.5
196,245,4.5
20,149,3.0
350,238,2.5
321,48,5.0
119,453,3.5
349,335,3.0
368,83,5.0
257,265,5.0
312,334,4.5
394,175,4.0
68,174,4.0
320,439,5.0
21,457,5.0
350,199,3.5
313,311,2.5
79,291,4.5
255,50,5.0
74,393,5.0
281,445,5.0
45,256,2.5
161,87,5.0
83,35,3.5
187,181,2.5
92,364,5.0
133,243,5.0
391,449,4.0
72,482,3.0
292,250,2.0
147,206,4.0
318,470,5.0
226,188,4.5
320,488,4.0
43,350,4.0
231,135,5.0
350,22,4.5
330,30,5.0
126,359,5.0
5,80,5.0
149,193,3.0
205,438,2.5
199,448,4.0
48,179,4.0
329,274,5.0
239,56,2.5
375,56,5.0
204,394,4.0
206,169,2.0
176,310,4.5
360,380,4.0
143,233,2.0
80,486,4.0
328,110,4.0
17,308,5.0
32,480,5.0
221,243,3.5
109,445,1.5
389,351,4.0
130,326,3.0
73,36,3.5
42,153,5.0
232,447,4.0
110,343,5.0
95,426,2.0
220,176,5.0
153,85,3.5
215,247,4.0
353,402,3.0
357,224,4.0
355,293,4.0
6,288,5.0
306,102,2.5
342,297,4.5
166,341,5.0
376,381,5.0
376,163,1.0
235,479,3.0
163,59,5.0
346,209,3.5
370,2,5.0
65,325,4.0
297,50,2.0
382,97,4.0
280,397,3.0
194,111,4.0
98,498,5.0
8,190,5.0
9,155,5.0
258,420,5.0
359,256,4.5
234,212,4.0
181,425,4.5
268,499,5.0
59,475,3.0
220,192,3.0
305,84,4.5
196,146,5.0
353,349,4.0
146,360,4.5
51,45,5.0
54,46,4.5
316,478,4.0
255,384,5.0
279,52,4.5
258,298,5.0
342,149,5.0
109,115,5.0
283,196,3.0
241,487,3.0
238,212,5.0
331,361,5.0
203,4,5.0
115,260,3.5
338,136,4.0
213,345,3.5
213,17,1.0
79,405,4.0
266,420,5.0
163,172,3.0
293,221,3.5
201,99,4.5
202,425,2.0
296,220,3.0
326,200,5.0
89,207,5.0
265,82,4.0
51,364,5.0
259,61,4.5
201,432,5.0
134,429,4.5
166,105,2.5
14,224,1.0
395,304,3.0
317,363,4.5
41,293,4.0
381,376,3.0
233,325,4.5
184,96,3.5
114,153,3.5
126,372,5.0
194,395,3.5
27,141,2.5
74,322,1.5
297,444,3.0
236,475,4.5
55,73,3.5
93,48,2.5
186,468,5.0
201,52,4.5
12,212,2.5
321,40,3.5
215,193,5.0
325,466,4.0
83,93,4.0
92,338,4.5
311,438,1.5
176,178,4.5
315,308,4.5
82,268,5.0
63,99,4.5
275,12,4.5
390,79,3.5
187,59,5.0
16,168,3.0
43,373,5.0
65,138,3.5
103,489,2.5
363,283,4.5
240,382,5.0
224,263,5.0
99,129,3.0
352,434,5.0
144,493,4.0
299,407,5.0
160,85,5.0
370,250,4.0
229,217,4.5
140,418,4.0
56,311,4.0
103,291,4.0
324,420,2.0
86,456,2.0
262,130,4.5
151,310,5.0
331,487,5.0
181,204,1.5
93,415,4.0
96,184,3.5
111,337,4.0
75,400,4.0
5,164,5.0
368,169,3.5
291,408,4.0
120,288,2.5
146,309,3.5
112,53,4.5
367,312,5.0
344,39,4.5
331,216,5.0
223,163,5.0
102,101,2.0
253,256,2.0
141,216,3.0
232,88,4.5
303,197,3.5
11,146,1.5
295,3,5.0
146,68,5.0
207,19,5.0
271,21,4.0
9,36,4.0
213,371,4.0
163,386,4.0
41,285,5.0
253,314,2.0
153,357,5.0
253,435,4.5
63,432,4.0
317,53,1.5
25,423,1.0
54,166,5.0
371,224,3.5
46,98,5.0
189,418,5.0
3,479,5.0
27,133,5.0
23,57,2.0
156,39,3.5
353,314,5.0
195,139,5.0
71,299,4.0
65,164,5.0
386,300,5.0
212,327,4.0
63,268,4.5
296,245,4.5
144,165,5.0
248,116,2.5
393,152,5.0
181,286,5.0
125,338,4.5
106,356,2.5
254,31,3.5
344,111,4.0
198,97,4.5
175,107,5.0
390,271,4.5
161,390,5.0
363,233,4.5
259,55,5.0
113,470,4.0
232,445,4.5
104,400,4.0
36,143,4.0
352,158,5.0
296,332,3.0
237,449,3.0
57,124,1.5
236,96,3.5
244,339,4.5
181,136,3.0
282,44,4.0
109,78,4.0
221,261,4.0
226,140,4.0
26,333,4.0
217,100,4.0
207,91,4.5
272,312,4.5
222,56,5.0
331,128,5.0
113,59,2.0
19,295,3.5
34,273,3.0
116,452,4.5
367,208,4.0
52,113,5.0
355,138,4.5
88,403,3.5
327,148,5.0
148,376,1.0
95,258,5.0
319,245,5.0
353,123,3.0
349,36,3.0
171,461,4.0
7,342,4.0
172,11,3.0
136,452,2.5
348,390,5.0
305,181,5.0
299,1,4.5
127,242,3.0
9,291,5.0
149,428,3.5
258,86,5.0
397,49,3.0
377,172,4.0
377,180,5.0
132,340,4.5
187,235,1.0
181,155,5.0
266,397,4.5
306,248,3.0
352,266,5.0
11,76,5.0
113,338,5.0
183,255,1.5
296,380,5.0
221,185,3.5
46,100,5.0
194,328,3.0
141,450,4.5
279,461,5.0
270,90,3.5
348,179,5.0
201,302,4.0
142,159,3.0
297,267,5.0
314,63,4.0
233,291,5.0
178,148,3.0
5,256,5.0
76,239,5.0
268,495,3.5
286,341,3.0
250,148,2.5
151,8,4.0
112,145,5.0
64,28,4.5
3,221,4.0
1,26,3.5
180,450,3.5
258,341,5.0
288,80,5.0
366,139,3.0
376,101,4.0
42,149,3.5
243,478,4.0
348,327,4.0
205,496,5.0
134,472,4.0
160,89,4.5
348,449,4.0
297,72,5.0
103,129,3.0
284,103,4.0
44,153,4.5
322,237,4.5
193,401,5.0
224,50,3.0
227,356,4.0
351,365,4.0
182,219,4.0
211,237,1.5
287,14,5.0
216,46,5.0
315,465,4.0
125,298,4.5
66,318,4.5
290,450,4.0
387,433,4.0
207,344,1.0
391,448,4.5
28,44,2.0
333,55,4.0
50,421,4.0
247,354,4.0
32,63,5.0
346,262,5.0
28,360,3.5
74,288,5.0
254,70,3.5
346,328,5.0
155,322,4.0
4,413,4.5
353,103,3.0
1,79,4.5
62,267,3.0
105,54,4.0
259,228,4.0
63,154,4.0
95,420,3.5
280,134,5.0
349,225,5.0
316,64,4.0
326,12,3.0
382,337,3.5
262,380,5.0
103,244,4.0
149,342,3.0
302,253,4.0
141,201,4.0
55,238,4.0
218,76,1.5
235,62,4.5
6,298,4.0
331,334,5.0
318,228,2.0
182,493,3.0
371,235,3.5
82,184,4.5
258,108,4.0
362,269,4.0
33,90,4.5
181,336,5.0
174,236,5.0
72,143,5.0
338,156,5.0
35,470,5.0
248,193,5.0
311,338,3.0
363,475,4.5
338,270,3.5
358,166,4.5
298,179,4.5
207,35,2.0
376,82,3.5
341,55,4.5
348,244,4.0
119,396,5.0
376,408,3.5
90,373,5.0
387,499,4.0
33,32,4.5
59,20,5.0
38,227,5.0
311,324,5.0
90,165,3.0
231,194,3.0
327,294,4.5
101,130,4.5
348,147,3.5
380,83,4.0
271,415,5.0
45,299,1.5
343,50,3.5
72,458,1.0
397,209,4.5
37,175,3.0
374,491,5.0
329,271,4.5
107,293,5.0
257,181,4.0
287,437,3.0
35,225,4.0
193,448,2.5
41,66,5.0
153,52,3.0
119,27,4.5
170,12,3.5
149,473,5.0
200,361,4.0
81,496,3.5
274,295,3.5
266,478,4.5
160,205,4.5
280,358,5.0
299,242,5.0
135,335,1.5
174,216,3.5
172,455,5.0
72,105,4.5
376,169,5.0
340,468,5.0
121,253,2.5
289,464,4.5
392,414,2.0
37,487,4.0
379,314,5.0
283,246,5.0
139,371,2.0
19,255,4.5
333,180,4.0
156,401,5.0
117,11,5.0
14,397,5.0
101,274,4.5
195,350,5.0
10,283,4.0
199,393,4.0
65,221,5.0
282,71,3.0
61,460,4.5
189,181,3.5
224,471,2.0
119,48,4.5
117,212,5.0
275,291,2.0
8,448,5.0
30,40,2.0
225,93,3.5
161,180,4.5
126,150,3.0
204,246,4.5
337,40,2.5
279,106,4.5
377,417,4.0
113,228,5.0
188,400,4.5
335,126,4.5
137,164,5.0
258,54,2.0
211,362,5.0
249,144,2.5
71,431,5.0
119,157,5.0
108,63,4.0
73,19,5.0
358,226,4.5
233,488,3.0
256,429,2.0
143,302,4.0
44,31,3.5
313,197,4.5
196,197,4.0
115,106,4.0
338,221,4.5
339,157,1.5
391,179,5.0
312,387,5.0
135,415,5.0
111,388,1.5
372,425,4.5
219,401,5.0
377,386,2.0
56,284,4.0
370,478,5.0
274,238,4.0
369,291,5.0
134,84,5.0
240,382,5.0
122,68,5.0
144,410,5.0
141,44,5.0
395,278,4.0
293,203,2.0
141,186,3.5
129,401,4.5
396,312,1.0
158,292,4.5
136,434,3.0
237,9,4.0
239,19,5.0
246,327,5.0
112,210,2.0
41,142,5.0
283,161,5.0
226,93,3.5
142,133,5.0
66,117,4.5
76,447,4.5
26,120,3.0
20,95,5.0
226,297,4.0
284,368,3.5
366,133,5.0
9,348,5.0
181,277,5.0
308,121,4.0
40,260,4.0
262,40,3.5
167,293,4.0
349,213,2.5
219,449,3.5
13,168,4.5
185,172,5.0
334,192,4.0
151,319,1.5
189,23,4.0
77,467,4.5
55,312,3.5
161,262,5.0
380,261,5.0
365,177,5.0
194,426,4.5
337,372,3.0
391,333,2.5
40,491,5.0
115,290,4.5
295,323,4.5
215,276,5.0
271,409,2.0
242,338,4.5
226,163,3.5
295,151,5.0
169,125,5.0
186,119,4.0
384,498,3.0
124,228,5.0
210,186,2.5
287,259,2.5
186,335,4.5
118,230,5.0
118,292,5.0
65,474,4.5
398,466,4.0
300,341,3.0
134,408,3.5
161,61,2.5
216,259,5.0
295,254,4.5
396,102,5.0
233,8,3.0
215,135,5.0
365,477,4.0
52,65,5.0
221,13,5.0
38,68,4.5
272,471,4.0
217,182,3.0
357,286,3.5
151,61,4.0
173,303,4.5
56,370,2.0
379,472,4.0
230,467,4.0
231,380,5.0
149,388,4.0
69,376,3.0
393,302,5.0
261,43,3.0
4,304,4.5
346,333,4.0
165,225,3.0
370,302,3.5
396,50,3.5
253,175,2.0
266,460,4.5
261,433,5.0
147,166,4.0
388,92,5.0
22,417,5.0
375,108,4.0
143,295,5.0
161,51,4.0
85,61,3.5
250,225,3.5
87,148,5.0
133,311,5.0
119,342,3.5
50,106,4.5
261,387,3.0
307,463,2.0
277,276,5.0
4,251,5.0
14,190,3.5
293,219,5.0
267,65,5.0
152,471,3.0
362,471,5.0
228,456,4.0
135,45,5.0
143,375,4.5
182,412,2.5
114,373,2.5
81,260,4.0
233,323,5.0
345,398,2.5
353,162,5.0
20,222,3.0
362,407,4.5
98,431,4.5
321,19,5.0
322,5,3.5
301,193,5.0
113,345,3.5
241,78,4.5
96,376,4.5
68,102,4.5
46,487,4.5
371,384,3.5
223,35,4.5
313,107,5.0
20,215,5.0
315,195,4.5
121,327,4.0
272,337,5.0
154,431,3.5
150,343,4.5
323,201,4.5
279,247,4.0
113,58,5.0
387,392,3.5
229,167,3.5
218,60,3.0
164,339,3.0
357,204,5.0
397,452,4.0
251,308,4.0
121,15,4.0
260,111,5.0
210,32,4.5
166,134,4.5
211,201,5.0
218,205,3.5
28,138,4.5
113,174,4.5
24,158,4.0
114,294,5.0
275,106,5.0
57,486,5.0
313,169,3.0
277,11,5.0
11,411,4.0
400,361,4.0
181,393,5.0
33,336,2.0
108,186,4.5
81,430,4.5
368,118,3.5
83,467,4.0
212,111,4.5
128,482,1.0
11,387,5.0
53,257,4.0
249,22,3.0
155,13,3.5
396,353,3.5
140,384,3.0
194,336,4.0
380,449,3.5
44,40,2.5
370,361,5.0
213,11,1.0
278,310,5.0
49,377,4.5
201,100,5.0
160,402,4.0
263,381,1.5
141,235,3.5
136,497,4.5
242,193,4.0
48,114,5.0
288,143,4.0
360,274,4.5
196,9,5.0
373,202,5.0
391,280,5.0
232,115,4.5
13,204,5.0
229,190,4.0
56,330,4.0
74,415,4.5
43,49,4.5
107,443,5.0
304,128,2.5
207,316,5.0
268,371,5.0
390,120,2.0
253,130,4.0
380,173,5.0
19,165,5.0
307,209,5.0
138,354,3.5
288,407,4.5
256,161,5.0
121,165,4.0
248,264,4.5
379,376,2.5
54,218,5.0
193,66,5.0
83,267,5.0
86,102,4.0
59,20,5.0
254,88,4.5
269,250,3.0
281,215,4.0
152,61,4.0
151,369,5.0
347,139,4.5
315,456,4.0
333,85,3.0
268,351,3.5
315,488,5.0
266,310,3.5
237,108,5.0
383,369,5.0
70,85,4.5
243,6,4.0
92,77,4.0
3,160,5.0
103,356,2.5
235,170,2.5
320,240,4.5
35,180,4.5
116,177,4.5
99,141,3.5
219,300,5.0
189,320,5.0
131,288,4.5
338,104,2.5
79,53,5.0
144,92,3.5
53,65,5.0
301,331,5.0
170,295,5.0
304,310,3.5
378,447,4.5
243,108,3.0
119,111,2.5
315,76,3.0
244,448,1.0
40,459,5.0
71,262,5.0
218,341,4.0
155,257,5.0
124,287,4.0
397,198,5.0
182,160,5.0
163,272,2.5
310,432,3.5
86,485,4.5
143,365,3.0
224,287,4.0
356,404,3.5
62,286,5.0
334,179,3.0
188,438,4.0
344,178,5.0
110,316,4.5
98,196,4.0
383,6,3.5
185,270,3.5
301,159,4.0
189,469,3.5
7,311,3.5
332,141,4.5
204,23,5.0
361,130,3.5
30,498,4.5
16,442,5.0
242,312,4.5
252,89,4.0
332,385,4.5
54,20,4.0
314,458,5.0
362,377,3.0
68,43,4.0
62,29,4.0
364,32,4.0
279,143,5.0
100,336,4.5
9,171,5.0
163,460,5.0
301,370,5.0
265,8,5.0
207,214,5.0
343,32,2.5
390,257,3.0
137,43,3.0
23,142,4.5
353,259,4.0
326,383,5.0
2,160,3.5
180,61,4.0
291,429,5.0
290,477,4.0
60,471,2.5
374,45,3.0
303,321,5.0
393,87,5.0
112,327,4.0
42,450,5.0
127,158,5.0
329,483,5.0
98,383,5.0
68,159,2.0
362,147,3.0
72,290,4.0
116,428,3.0
103,91,5.0
133,358,4.0
48,251,4.0
187,179,5.0
268,231,5.0
352,426,3.0
300,198,3.0
292,108,5.0
223,178,4.5
350,408,3.5
176,359,5.0
283,425,5.0
138,47,4.5
108,133,3.5
134,17,5.0
265,338,4.5
244,72,4.0
166,191,4.5
338,302,5.0
166,360,3.0
184,446,5.0
82,216,4.0
173,332,5.0
96,468,4.0
84,240,4.5
386,12,4.0
316,234,4.5
356,223,5.0
243,428,3.5
371,192,4.5
248,348,4.0
21,498,5.0
120,391,5.0
260,56,4.0
397,138,5.0
206,304,1.5
263,86,5.0
306,495,5.0
269,102,5.0
291,385,3.0
340,171,5.0
28,497,2.5
393,73,5.0
235,203,3.0
1,338,3.0
89,155,4.0
95,121,5.0
224,47,5.0
79,351,4.5
398,192,1.0
82,177,3.0
282,352,4.0
109,468,4.0
193,426,4.0
125,391,5.0
199,66,4.0
69,205,5.0
145,420,4.5
218,306,4.0
37,178,4.5
380,497,4.5
114,454,4.5
394,121,4.0
175,257,5.0
313,307,5.0
40,331,3.5
256,97,2.0
155,223,2.5
197,335,3.0
78,146,4.0
346,421,4.0
134,491,5.0
92,84,4.0
265,428,3.0
43,178,5.0
52,336,5.0
7,83,4.0
295,260,4.0
233,6,4.5
344,206,4.0
28,156,4.0
380,325,3.0
231,258,4.0
243,365,4.0
274,498,4.0
92,218,4.5
197,446,4.5
77,4,4.0
363,303,3.5
264,417,4.5
233,223,2.0
145,21,3.0
251,236,4.0
307,352,4.0
218,173,4.5
393,420,1.5
137,92,4.0
214,9,4.0
153,326,2.0
58,183,5.0
273,379,4.0
90,44,4.5
65,373,3.0
253,221,5.0
177,498,4.0
317,125,5.0
376,421,4.5
235,21,2.5
191,20,3.0
371,327,5.0
52,196,4.5
372,41,4.0
327,384,4.0
206,12,3.0
383,132,5.0
381,453,2.5
222,495,3.0
99,293,3.5
156,316,4.5
125,356,5.0
192,294,4.0
390,479,4.0
383,353,5.0
142,257,4.5
310,205,5.0
348,146,3.5
209,107,1.5
213,337,3.0
137,237,4.5
326,163,3.0
116,10,5.0
114,33,4.5
373,365,4.5
236,302,4.0
305,169,4.5
244,477,4.5
176,175,4.0
228,78,4.0
381,256,3.5
358,88,4.5
131,207,2.0
293,496,2.5
250,288,5.0
43,107,5.0
272,190,4.0
385,162,4.0
240,16,3.0
300,86,4.5
290,221,4.0
392,12,5.0
146,285,5.0
121,193,5.0
68,194,4.5
64,50,4.0
109,57,4.5
92,443,3.0
399,377,5.0
282,210,4.0
112,215,5.0
143,164,5.0
323,55,4.5
352,492,4.5
326,163,4.5
273,201,3.5
207,254,5.0
147,423,5.0
81,474,5.0
205,148,1.0
172,391,4.0
89,350,5.0
197,298,4.5
215,211,3.0
15,317,3.5
313,318,4.5
42,307,4.5
210,485,1.5
313,128,3.0
321,242,5.0
190,12,5.0
335,200,4.5
99,436,5.0
235,189,5.0
123,90,4.0
365,472,3.5
68,151,2.5
16,106,4.5
236,126,5.0
228,124,5.0
237,257,4.5
310,429,4.0
82,126,4.0
36,4,5.0
350,347,4.0
267,241,5.0
37,401,4.0
134,453,5.0
62,367,5.0
332,274,5.0
225,247,5.0
31,150,5.0
372,394,2.0
205,367,5.0
323,333,4.0
64,54,3.0
135,389,5.0
386,406,3.0
87,188,4.0
174,73,5.0
248,108,3.5
169,329,5.0
235,461,5.0
386,126,5.0
176,152,5.0
170,404,4.0
133,291,3.5
19,390,3.0
268,148,1.5
190,289,4.0
150,158,5.0
82,291,4.5
244,366,4.0
151,80,5.0
356,66,3.0
150,440,4.0
327,117,1.5
109,299,4.0
300,7,3.5
370,261,5.0
265,208,4.0
88,498,4.0
80,301,5.0
161,268,4.0
249,332,3.0
269,247,3.0
195,8,4.5
34,176,3.5
106,115,3.0
312,399,5.0
62,333,3.5
256,236,4.5
327,465,1.0
383,434,5.0
269,460,3.5
104,187,4.5
205,321,3.0
169,260,2.5
284,493,4.5
380,276,5.0
29,229,4.5
127,126,3.5
379,94,5.0
334,440,3.5
354,368,4.0
21,312,3.5
143,47,5.0
376,426,5.0
68,268,4.0
107,117,3.5
390,298,4.0
51,275,5.0
27,164,5.0
38,101,4.0
227,43,4.0
52,278,4.5
307,250,4.0
5,298,4.0
58,369,5.0
399,330,3.5
326,315,5.0
1,129,5.0
308,139,4.5
91,169,4.5
264,146,5.0
154,136,5.0
128,175,3.5
288,258,4.0
226,58,5.0
94,250,1.0
261,241,4.5
92,34,5.0
345,156,2.5
227,176,4.5
276,422,3.0
399,56,5.0
110,158,4.5
164,393,4.5
53,351,4.0
313,108,4.5
80,166,3.0
393,203,5.0
81,313,4.5
167,490,4.5
243,335,4.5
214,400,5.0
118,478,3.5
156,190,3.0
171,373,4.0
382,162,4.0
218,289,4.0
214,3,5.0
207,29,5.0
182,331,5.0
234,393,3.5
361,104,3.5
367,132,4.0
192,13,4.0
196,167,4.5
379,103,5.0
317,258,4.0
141,55,2.5
83,167,5.0
370,304,4.0
24,400,4.5
353,492,5.0
250,128,3.5
311,301,4.0
52,29,4.5
142,276,4.0
146,57,4.0
384,38,4.0
397,376,4.0
78,448,3.0
154,294,3.5
46,225,3.5
294,280,5.0
134,286,4.5
150,354,1.5
396,395,2.5
359,365,5.0
185,464,5.0
383,453,3.5
165,240,3.5
186,171,3.5
361,133,3.5
383,478,1.5
62,329,4.0
203,413,4.5
25,426,4.5
263,192,1.5
224,17,5.0
168,405,4.5
145,295,4.0
35,377,2.5
48,499,4.5
58,273,3.0
263,434,5.0
294,473,4.0
333,98,5.0
393,351,4.0
142,239,4.0
379,78,4.5
38,94,4.5
174,233,4.5
355,379,5.0
222,456,1.5
295,151,1.0
200,10,1.0
166,219,3.0
115,300,4.5
168,273,4.0
341,103,5.0
295,474,4.0
367,445,4.5
97,396,3.0
158,93,3.0
274,309,5.0
21,400,3.0
179,489,2.5
162,476,3.5
107,104,4.0
218,139,3.5
112,396,4.0
71,450,5.0
226,64,5.0
193,14,4.0
381,438,5.0
195,26,4.0
205,102,3.5
195,303,5.0
48,497,3.0
297,371,4.5
84,388,3.5
251,380,4.5
384,163,4.0
108,47,5.0
185,245,3.5
58,484,4.0
4,195,5.0
205,493,5.0
182,185,5.0
34,223,5.0
334,154,3.5
360,44,4.5
200,449,4.0
141,374,4.5
166,24,3.0
128,91,4.5
66,266,3.0
356,241,5.0
32,306,5.0
379,339,4.0
317,213,5.0
215,89,3.0
266,495,3.0
343,93,4.0
57,403,3.0
255,105,4.0
321,192,5.0
136,319,4.0
14,170,1.5
241,18,5.0
74,468,4.0
277,194,5.0
370,269,3.0
52,8,4.0
115,48,4.0
34,58,5.0
238,213,5.0
275,226,3.0
309,415,4.5
160,244,4.0
132,66,4.0
277,188,5.0
343,367,2.5
253,384,5.0
293,101,3.0
264,67,5.0
74,116,4.5
381,49,5.0
145,455,4.5
128,116,3.5
374,338,4.0
364,499,4.0
303,267,4.5
137,390,5.0
168,217,4.0
75,297,5.0
18,383,5.0
198,324,2.0
102,94,1.0
325,18,5.0
122,83,4.0
6,293,4.0
177,97,4.5
296,208,4.0
110,233,4.5
280,226,3.0
144,336,5.0
173,173,5.0
96,131,4.0
250,396,4.5
340,50,4.5
176,391,4.5
33,401,4.0
329,14,5.0
65,49,3.5
235,425,3.0
282,365,4.0
178,158,4.0
284,482,2.5
259,94,4.0
262,100,3.0
349,114,5.0
102,376,5.0
270,308,5.0
289,441,4.5
25,410,4.5
277,118,5.0
272,86,4.0
52,349,3.0
325,440,4.5
385,367,3.0
313,218,5.0
143,26,5.0
206,152,4.0
268,498,4.0
244,240,4.0
370,481,4.0
39,129,5.0
343,160,3.5
376,314,4.5
35,31,5.0
72,74,4.0
83,392,5.0
125,201,5.0
331,215,4.0
100,128,5.0
37,116,5.0
142,72,5.0
64,372,5.0
345,78,3.5
73,345,3.5
168,6,4.5
267,160,4.5
396,322,4.5
119,339,4.0
64,278,5.0
233,79,2.5
387,467,5.0
140,487,5.0
196,430,5.0
58,321,4.0
300,87,5.0
355,444,5.0
389,150,3.5
53,46,5.0
309,492,4.5
186,124,5.0
341,254,5.0
222,216,2.0
54,443,5.0
371,376,3.5
129,328,4.5
215,342,5.0
183,43,1.0
366,413,4.5
300,254,3.5
223,341,3.5
400,424,5.0
288,311,5.0
193,311,4.5
342,196,2.0
56,303,5.0
330,489,3.0
49,61,5.0
123,185,4.5
364,463,4.5
202,368,5.0
178,332,5.0
236,294,5.0
20,482,4.0
322,382,5.0
343,465,1.5
291,93,1.5
169,51,4.0
212,411,1.5
234,435,5.0
184,420,5.0
181,499,5.0
142,229,5.0
167,235,5.0
326,135,5.0
83,108,4.5
281,332,4.0
206,386,4.0
89,433,4.5
46,171,4.0
276,379,5.0
117,163,5.0
52,469,5.0
328,208,4.0
255,328,3.0
196,104,3.5
363,249,4.0
225,459,4.0
82,492,3.0
9,58,3.0
159,466,4.5
329,287,4.0
287,276,3.0
317,357,2.5
48,47,5.0
340,208,5.0
75,367,4.0
182,204,3.0
198,54,5.0
377,418,5.0
151,315,4.5
43,166,5.0
227,423,2.0
281,80,4.5
141,14,4.5
356,113,3.5
116,226,4.5
111,75,1.0
125,494,1.5
314,248,5.0
213,285,4.5
291,99,4.0
266,298,4.0
295,455,5.0
199,383,3.5
187,412,5.0
221,190,4.0
121,164,4.5
40,491,5.0
165,441,5.0
360,127,5.0
297,66,2.5
260,363,4.0
161,54,5.0
310,117,5.0
368,360,4.5
284,421,5.0
239,138,4.5
28,236,4.5
255,303,4.0
88,12,4.5
287,333,2.0
178,245,5.0
76,33,5.0
34,489,5.0
292,130,5.0
373,15,5.0
252,221,5.0
69,203,3.5
232,159,4.5
346,156,4.0
292,409,5.0
209,74,5.0
349,301,4.0
4,498,4.5
365,387,4.0
62,397,5.0
315,33,4.5
374,83,5.0
128,308,5.0
92,428,3.0
333,476,4.5
62,170,2.5
207,294,5.0
351,199,5.0
196,357,4.0
176,94,2.5
182,91,5.0
130,256,2.5
134,206,3.5
180,332,4.5
174,232,5.0
269,132,1.5
311,32,5.0
31,350,4.0
87,1,5.0
271,7,1.0
197,157,1.5
291,289,4.0
36,490,3.0
326,318,4.5
275,112,5.0
50,447,5.0
80,308,4.0
91,457,4.0
396,91,4.5
228,16,4.5
276,455,5.0
62,414,5.0
150,56,4.0
93,303,4.5
52,255,3.0
80,314,5.0
233,476,4.5
200,402,4.0
60,343,4.5
174,127,4.0
123,492,5.0
97,407,4.0
184,31,5.0
246,416,5.0
338,363,5.0
303,51,5.0
47,340,4.5
270,289,4.5
273,268,4.0
280,330,3.5
165,70,4.0
102,150,5.0
219,207,4.0
43,252,1.5
54,165,4.5
313,200,4.0
395,148,5.0
358,29,4.5
22,97,5.0
158,457,4.5
293,278,3.0
161,379,2.0
15,25,5.0
198,97,4.0
276,27,5.0
351,448,4.0
261,269,5.0
261,190,5.0
23,467,3.5
235,487,3.0
114,365,4.0
366,105,4.5
293,328,4.5
24,473,4.0
353,60,5.0
3,464,3.5
170,91,5.0
117,191,5.0
206,23,3.0
307,127,4.5
133,452,5.0
349,293,5.0
321,159,3.5
335,378,5.0
210,354,1.0
212,194,3.5
98,419,5.0
130,308,1.0
355,203,2.0
393,230,3.0
354,115,2.5
59,60,3.0
251,35,3.0
168,86,5.0
132,490,5.0
356,204,3.5
147,146,5.0
134,56,5.0
203,422,5.0
104,487,2.5
255,103,3.0
19,241,4.0
58,118,2.0
199,95,2.5
356,413,2.5
224,316,4.0
379,74,4.0
394,22,4.5
258,393,5.0
394,108,5.0
23,292,1.0
79,175,5.0
129,472,3.0
237,103,5.0
29,201,4.0
150,259,2.0
95,322,3.5
337,370,4.0
226,36,5.0
309,271,3.5
83,74,4.5
163,30,3.0
34,210,4.5
9,317,5.0
371,478,4.0
20,74,5.0
351,120,1.0
2,289,2.0
199,394,4.5
115,391,4.5
289,280,2.5
333,422,5.0
293,331,4.0
352,316,4.0
384,122,5.0
314,129,4.0
326,233,4.0
79,233,4.5
185,115,3.0
327,375,3.0
199,132,5.0
189,379,1.5
154,74,2.0
211,364,5.0
117,206,3.0
321,181,3.5
208,216,5.0
236,376,4.0
199,238,4.0
167,341,4.0
371,272,3.5
112,365,3.0
100,486,5.0
338,402,4.5
238,281,5.0
210,192,4.5
110,202,3.0
56,278,4.5
154,464,5.0
397,446,4.5
27,103,3.5
283,456,3.0
197,480,4.5
93,483,4.0
356,106,4.0
342,89,3.5
382,349,4.5
80,329,4.0
102,78,4.0
240,126,5.0
67,391,5.0
162,313,5.0
314,272,5.0
19,347,3.0
34,44,1.5
28,170,5.0
161,477,5.0
104,381,3.0
110,158,5.0
186,320,5.0
299,464,5.0
244,174,5.0
149,156,3.0
288,82,5.0
78,84,4.0
273,467,4.5
82,288,4.5
241,359,5.0
354,435,5.0
59,340,5.0
228,50,5.0
70,451,4.0
195,245,3.0
11,301,5.0
186,477,4.0
293,94,4.0
11,497,4.5
344,291,4.0
174,44,5.0
36,91,3.0
154,347,4.0
77,57,5.0
343,101,5.0
165,150,5.0
43,182,4.5
254,9,4.5
303,214,5.0
187,436,3.5
263,144,5.0
13,251,4.0
86,27,4.5
359,157,3.5
222,173,2.0
384,389,4.5
338,42,4.0
17,67,5.0
320,6,5.0
10,155,4.0
241,195,4.0
356,345,3.5
193,172,4.0
263,438,5.0
218,209,5.0
68,483,4.0
134,283,3.0
145,137,2.5
231,471,4.5
342,468,4.0
261,459,3.0
66,413,5.0
125,39,3.0
34,79,4.5
122,399,2.5
39,5,5.0
378,414,4.0
317,37,3.0
321,495,5.0
236,324,5.0
341,55,4.5
29,361,3.0
382,475,2.5
47,368,5.0
2,222,5.0
120,108,2.0
41,199,4.0
272,99,4.0
102,363,5.0
310,362,3.0
148,375,4.5
32,227,3.0
4,41,3.0
102,135,3.0
278,295,5.0
359,64,5.0
39,97,3.0
165,388,5.0
84,203,4.5
304,152,4.5
260,328,3.5
219,129,5.0
377,124,4.5
336,456,5.0
129,145,5.0
34,32,2.0
177,463,5.0
318,387,5.0
41,346,5.0
367,229,1.0
382,346,2.5
302,395,5.0
186,358,5.0
348,492,2.5
135,373,5.0
231,184,5.0
246,190,4.5
391,251,4.0
382,98,3.5
88,22,5.0
210,239,5.0
167,473,5.0
207,238,5.0
238,232,3.0
378,385,4.0
13,448,3.0
163,196,5.0
324,77,4.0
8,223,5.0
339,464,3.0
304,485,3.0
49,9,4.0
77,139,4.0
12,255,4.0
156,425,5.0
282,143,3.5
250,311,5.0
222,223,5.0
82,250,5.0
31,181,5.0
35,488,4.0
245,312,3.5
121,266,5.0
111,214,4.5
158,324,3.0
323,160,5.0
220,314,3.0
67,272,3.5
372,192,5.0
66,190,4.5
243,33,1.5
190,214,3.5
168,353,3.5
161,325,5.0
244,403,3.5
175,296,5.0
358,100,5.0
165,401,4.5
118,363,4.5
122,417,5.0
251,289,4.0
10,161,4.5
49,197,5.0
320,165,2.5
252,237,4.5
373,137,2.5
200,399,3.0
395,142,5.0
187,435,5.0
243,127,3.5
2,168,4.0
318,248,4.5
140,490,4.0
161,310,5.0
103,422,5.0
97,491,5.0
310,62,4.0
32,377,5.0
269,410,4.5
128,405,4.0
359,420,5.0
153,134,3.5
152,13,1.5
330,391,4.0
189,239,5.0
76,229,4.5
285,81,4.5
389,161,3.0
141,234,3.5
362,311,4.0
84,301,3.0
9,64,2.0
168,283,4.0
73,162,5.0
193,282,1.5
223,331,4.0
92,168,4.5
390,18,4.5
166,290,5.0
21,453,4.5
371,368,5.0
255,33,5.0
72,78,3.0
84,482,5.0
48,387,4.0
183,174,2.5
176,385,2.5
206,280,2.0
214,329,5.0
356,80,4.5
46,417,3.5
82,60,5.0
134,117,3.5
331,350,4.5
27,330,5.0
116,246,2.0
113,389,3.5
79,489,5.0
257,164,4.0
388,325,4.5
10,262,5.0
253,13,4.5
357,213,4.5
21,103,4.5
107,118,4.5
4,179,5.0
298,452,4.0
85,204,3.5
275,4,5.0
382,319,3.5
285,192,4.5
82,428,3.5
312,132,4.0
168,460,3.5
62,334,3.5
15,229,4.5
334,344,4.5
208,105,3.0
22,199,5.0
381,478,5.0
103,389,4.5
383,153,5.0
346,110,5.0
156,185,4.0
332,321,3.5
130,112,4.5
159,7,3.5
93,441,4.0
256,485,5.0
369,168,4.0
201,309,5.0
252,246,4.5
147,408,5.0
128,40,4.5
1,437,1.5
26,439,1.0
141,477,1.0
228,196,5.0
82,50,2.0
111,331,3.0
217,380,5.0
39,144,4.0
12,153,5.0
62,155,3.0
234,477,5.0
105,62,5.0
382,488,5.0
16,451,5.0
244,90,1.0
45,372,3.5
297,356,4.5
139,12,5.0
246,33,5.0
79,111,2.5
348,194,1.5
255,222,5.0
212,90,5.0
296,460,2.0
33,492,5.0
144,364,3.5
246,104,5.0
13,344,3.5
97,121,5.0
1,333,2.0
289,428,5.0
287,488,5.0
119,367,5.0
25,147,4.0
307,189,4.0
242,279,3.0
338,462,4.0
283,277,3.0
377,328,4.0
90,298,4.0
240,178,5.0
76,417,4.5
254,346,4.5
185,493,4.0
309,130,5.0
171,474,4.0
239,231,5.0
349,85,5.0
176,260,5.0
321,75,4.5
277,324,5.0
82,436,5.0
72,418,5.0
355,203,2.5
215,451,3.0
257,279,2.0
54,295,1.0
282,341,5.0
379,117,5.0
172,251,3.0
375,429,5.0
281,480,4.0
337,420,4.0
296,180,5.0
353,385,5.0
116,328,4.5
80,428,5.0
386,97,5.0
259,410,3.0
74,469,2.5
157,124,5.0
156,423,3.5
327,50,5.0
98,13,1.5
152,62,3.5
398,349,2.5
130,232,5.0
217,484,4.0
207,6,5.0
154,176,4.0
107,156,4.0
302,471,4.0
315,304,2.0
252,17,4.5
180,16,3.5
243,441,5.0
386,276,5.0
217,353,4.5
180,486,5.0
252,14,4.0
250,389,5.0
244,130,4.5
43,126,5.0
367,324,5.0
233,195,5.0
124,310,5.0
18,166,4.0
398,361,5.0
111,315,4.0
6,351,3.0
346,400,1.5
260,228,2.5
93,238,3.5
290,199,5.0
275,335,5.0
130,300,3.0
265,252,3.0
232,151,5.0
21,149,4.5
219,57,5.0
40,102,4.0
128,3,4.0
382,414,4.5
91,396,4.0
155,94,3.5
350,299,5.0
118,366,4.0
359,486,5.0
52,85,3.0
380,485,4.5
13,225,4.5
358,221,1.5
269,460,5.0
326,279,3.0
243,18,3.5
286,360,4.0
34,45,3.5
341,184,4.0
260,471,3.5
71,62,1.5
45,293,3.0
101,229,4.5
280,192,4.5
245,35,5.0
337,95,4.5
60,287,2.0
104,76,4.0
383,360,4.0
191,31,4.5
7,58,4.5
137,300,4.5
156,451,5.0
164,472,3.5
246,411,3.5
340,244,4.0
110,51,3.0
284,325,4.5
37,75,4.5
262,75,5.0
35,245,4.5
38,290,3.0
321,386,4.0
321,186,5.0
135,209,2.0
222,22,5.0
400,203,1.5
344,372,5.0
201,231,4.5
116,384,5.0
246,315,5.0
261,456,4.0
387,326,3.0
307,267,3.5
396,39,4.0
16,214,2.5
44,361,5.0
75,396,4.5
190,143,4.0
238,333,5.0
175,156,5.0
310,168,5.0
241,262,4.5
388,447,5.0
302,356,4.5
350,310,4.5
294,71,4.0
47,355,4.5
176,273,4.5
324,33,3.5
138,479,3.5
148,305,4.5
161,475,5.0
123,290,3.0
157,99,5.0
266,347,4.0
136,307,4.0
338,97,5.0
72,411,5.0
152,98,5.0
186,365,4.5
165,105,5.0
298,267,3.0
371,371,5.0
327,127,3.5
325,426,4.0
332,415,4.5
126,201,4.5
139,478,4.5
276,175,3.0
311,37,3.5
193,417,4.5
202,2,2.5
131,476,4.5
282,299,5.0
262,291,4.0
137,27,5.0
322,251,4.5
244,224,4.0
62,72,3.0
186,390,5.0
28,22,5.0
143,56,4.5
138,66,5.0
381,352,4.0
21,457,4.5
31,6,3.0
320,369,3.5
221,124,3.5
317,310,4.5
137,476,4.5
122,78,1.5
300,163,5.0
88,413,5.0
197,105,4.5
9,489,3.0
293,380,4.5
139,415,4.5
49,127,5.0
114,124,4.0
85,457,3.0
113,144,3.0
123,344,4.0
297,441,4.5
198,229,3.5
52,434,2.5
365,228,4.0
379,455,4.0
315,385,4.0
278,392,3.5
345,252,4.0
269,176,4.0
256,260,4.5
227,311,3.5
74,361,2.5
358,350,4.0
207,107,3.5
181,208,3.5
367,149,5.0
195,308,5.0
13,352,5.0
125,331,5.0
232,366,5.0
200,293,4.0
196,11,4.5
371,229,5.0
46,224,3.5
118,138,4.0
134,246,3.0
113,438,4.5
265,307,4.5
101,434,2.0
196,187,2.0
118,47,5.0
82,48,4.5
284,26,3.5
269,478,3.5
77,151,3.0
224,143,5.0
96,118,4.0
86,267,2.5
48,318,2.0
336,401,5.0
380,91,3.5
241,483,4.0
86,121,1.5
101,309,5.0
35,396,3.0
92,274,3.0
237,284,5.0
371,92,3.0
96,126,5.0
167,438,3.0
140,263,5.0
257,259,5.0
202,70,3.0
241,80,5.0
124,442,4.5
189,294,5.0
237,126,4.0
364,57,5.0
83,328,4.5
22,35,5.0
70,1,3.5
271,410,4.5
387,203,4.5
372,207,5.0
239,493,4.5
267,182,5.0
296,368,5.0
208,385,3.5
209,86,4.5
256,65,5.0
106,38,4.5
189,432,4.0
310,463,4.0
193,154,4.0
162,250,3.5
9,111,4.0
327,385,3.0
303,405,5.0
72,333,5.0
203,126,3.0
117,463,4.0
250,205,4.0
239,191,5.0
238,67,4.0
27,126,5.0
328,473,3.0
192,28,4.0
198,455,4.5
222,40,4.5
182,421,4.5
245,21,5.0
246,35,4.0
100,159,5.0
85,6,5.0
75,382,5.0
139,31,1.5
112,323,4.5
13,230,4.0
314,236,4.0
168,146,4.0
265,300,3.0
225,389,4.5
391,264,2.0
400,281,5.0
290,260,2.5
79,478,5.0
170,339,5.0
375,370,4.5
74,73,5.0
101,48,4.5
142,202,3.5
23,156,1.0
69,100,4.0
100,214,5.0
78,219,4.5
131,470,3.5
34,84,5.0
136,373,4.0
34,113,4.0
85,474,4.5
59,41,4.5
176,316,5.0
191,436,4.0
133,296,4.5
380,170,4.5
168,270,3.0
350,428,5.0
267,350,3.5
305,399,5.0
116,418,1.5
248,140,4.0
261,154,4.5
371,208,2.0
303,154,5.0
132,55,5.0
285,115,5.0
113,451,5.0
238,464,3.0
51,358,4.5
186,212,5.0
215,291,4.0
42,125,3.0
247,486,5.0
34,397,4.0
30,224,4.0
222,79,4.0
16,171,5.0
61,158,3.5
252,476,5.0
302,110,4.0
121,147,3.5
85,173,3.0
168,304,4.0
43,52,2.5
378,5,3.0
220,253,5.0
358,332,3.0
27,2,4.0
17,69,4.0
188,348,5.0
359,183,4.5
45,21,3.0
159,170,3.0
299,43,5.0
315,1,5.0
99,405,3.0
201,422,5.0
56,137,4.5
316,429,4.5
314,146,3.0
237,311,5.0
81,330,5.0
264,50,4.5
115,353,3.5
202,437,4.0
84,356,4.0
232,184,5.0
157,151,4.5
206,215,5.0
121,407,5.0
159,342,4.0
124,237,3.0
80,19,2.5
301,449,3.0
56,230,3.0
371,38,3.5
171,353,4.0
123,368,4.0
210,63,5.0
343,483,4.5
374,301,4.0
364,108,5.0
336,18,4.0
201,99,4.0
26,17,5.0
130,200,3.0
255,238,4.5
204,402,5.0
166,231,3.0
168,382,5.0
217,338,4.0
385,291,5.0
95,4,5.0
85,489,3.5
48,250,5.0
172,76,2.0
72,123,4.5
254,491,3.5
104,370,3.0
20,395,1.0
185,365,4.0
315,191,4.0
54,248,5.0
257,104,3.5
171,349,4.5
378,381,4.5
272,201,5.0
303,314,5.0
101,223,5.0
375,410,2.0
369,303,4.5
276,387,4.0
146,171,1.5
302,322,5.0
33,243,5.0
214,476,4.0
312,293,3.5
162,428,4.5
231,136,4.0
334,437,2.0
118,343,5.0
131,203,3.5
272,118,2.0
231,123,4.0
221,25,5.0
141,275,5.0
280,482,4.0
257,445,5.0
393,328,5.0
394,308,4.5
255,298,3.5
339,283,3.5
60,438,3.5
200,288,5.0
91,280,4.5
8,351,4.0
169,332,3.5
246,11,3.0
384,375,3.5
337,150,4.5
213,83,5.0
105,374,3.0
50,392,5.0
159,278,5.0
328,36,2.5
80,448,3.0
2,489,3.5
399,395,5.0
139,495,3.0
392,232,4.0
257,393,5.0
274,239,4.5
247,343,4.5
43,183,5.0
181,91,4.0
97,280,5.0
372,10,5.0
318,412,5.0
393,45,5.0
84,75,4.0
268,418,5.0
100,246,5.0
388,324,4.0
175,437,4.0
388,222,3.0
263,398,5.0
109,86,3.0
327,248,5.0
383,358,2.5
382,117,5.0
400,254,4.5
235,199,4.0
189,102,5.0
19,232,3.0
293,182,1.5
341,479,4.0
174,213,5.0
4,497,4.0
238,44,3.0
50,305,4.5
393,60,4.5
243,254,4.5
283,372,5.0
62,320,5.0
327,163,3.5
275,421,4.0
20,440,3.0
154,341,5.0
71,357,3.5
195,79,3.5
211,39,5.0
187,39,4.5
379,154,4.0
14,146,4.0
365,48,5.0
269,309,4.5
52,186,3.0
136,394,4.0
64,94,4.5
299,410,2.5
26,142,4.0
390,282,5.0
41,416,5.0
296,446,5.0
153,465,4.5
153,52,5.0
386,477,2.0
216,48,4.5
138,380,2.0
36,49,5.0
302,3,3.0
245,22,4.0
185,208,4.5
136,82,4.5
288,459,5.0
42,172,3.0
333,471,4.5
54,323,5.0
241,112,5.0
65,87,5.0
350,261,3.5
209,3,5.0
140,296,5.0
398,432,3.0
281,122,2.0
109,314,4.5
99,423,4.5
177,70,4.0
303,211,5.0
148,138,3.5
64,362,4.0
332,310,4.5
59,208,4.5
383,130,5.0
296,95,5.0
298,62,5.0
128,68,5.0
119,128,5.0
375,37,5.0
69,495,3.5
58,295,1.0
108,368,3.0
357,8,4.0
175,106,4.0
76,371,4.5
64,445,4.0
211,194,4.5
349,141,4.0
104,440,4.5
106,200,4.0
341,440,5.0
125,251,4.5
141,224,2.0
2,222,4.0
32,401,5.0
31,384,4.0
149,105,4.0
148,73,3.5
91,219,5.0
243,403,5.0
34,301,4.0
156,330,3.5
103,353,5.0
245,494,4.0
83,246,3.5
69,9,5.0
331,249,4.0
283,261,4.5
75,57,3.5
190,268,3.5
51,140,5.0
265,410,4.0
207,11,2.0
55,124,5.0
130,415,3.5
343,477,4.5
315,295,5.0
272,472,3.0
255,271,1.0
11,168,5.0
395,284,4.0
175,1,4.0
96,56,5.0
370,392,4.0
357,412,3.5
103,322,4.0
309,290,4.5
50,195,4.0
101,456,3.5
24,440,4.0
242,389,3.5
171,253,3.5
288,9,5.0
53,290,5.0
119,211,5.0
105,240,4.0
379,38,3.0
281,226,5.0
114,378,3.5
190,50,2.0
6,471,4.5
62,144,4.5
231,458,3.5
175,473,3.5
61,48,5.0
307,275,5.0
390,124,2.0
353,142,4.5
337,388,5.0
4,475,5.0
111,408,4.0
170,52,2.5
299,118,5.0
143,1,4.0
179,479,4.0
232,285,5.0
14,379,3.0
322,293,1.5
141,99,3.0
81,120,5.0
376,92,3.5
108,102,3.0
236,32,4.5
116,317,3.0
61,372,5.0
105,188,4.5
390,154,5.0
222,79,5.0
82,243,4.0
88,192,2.0
90,351,5.0
216,56,2.5
81,109,2.5
213,56,4.0
359,417,3.0
366,267,5.0
347,272,5.0
303,461,5.0
300,169,5.0
81,425,5.0
273,339,4.5
230,218,3.0
228,143,4.0
311,110,5.0
396,428,1.5
208,152,4.0
275,239,5.0
298,60,5.0
65,462,2.0
378,359,4.5
58,287,4.0
333,298,5.0
70,28,4.5
276,449,3.5
65,124,5.0
261,440,4.5
38,124,4.5
43,174,4.5
48,133,3.5
282,70,5.0
23,219,4.5
106,72,5.0
113,358,4.5
266,76,4.5
37,217,5.0
280,42,5.0
165,236,3.0
142,434,4.0
17,392,1.0
14,397,4.5
13,442,5.0
16,43,4.0
388,381,5.0
300,42,2.5
98,247,5.0
51,225,5.0
276,332,4.0
323,384,5.0
14,369,3.0
181,161,4.0
59,407,5.0
331,149,5.0
134,82,2.5
76,308,4.5
277,245,3.5
268,467,5.0
78,90,5.0
148,257,4.5
22,161,4.0
21,260,4.0
14,23,4.5
2,339,3.5
126,194,4.0
175,46,4.0
265,141,4.5
208,194,4.5
121,212,3.0
138,262,3.5
165,190,4.5
188,159,5.0
296,193,5.0
283,366,2.0
241,28,4.0
124,211,4.5
315,286,4.0
182,403,5.0
396,320,5.0
270,95,3.0
32,138,5.0
63,444,4.0
271,64,5.0
271,379,1.0
321,376,3.5
330,91,4.5
243,256,5.0
128,265,3.5
368,392,3.0
332,33,4.0
125,80,4.5
73,357,4.0
348,152,5.0
268,293,4.5
342,375,4.0
153,82,1.5
215,388,5.0
189,370,5.0
271,221,3.5
159,492,5.0
43,237,5.0
200,150,5.0
324,200,3.0
385,192,5.0
22,96,4.0
118,370,4.5
175,279,5.0
151,99,5.0
374,12,4.5
241,194,4.0
144,442,4.0
295,492,5.0
259,470,5.0
396,116,5.0
189,124,4.5
257,266,3.0
142,170,5.0
69,239,4.5
357,32,4.5
175,20,3.5
328,30,5.0
150,123,3.5
111,107,5.0
182,100,5.0
132,301,4.0
363,63,4.0
114,414,3.0
53,47,2.5
308,233,4.5
370,450,5.0
279,25,4.5
102,124,4.5
324,348,3.5
111,69,4.0
166,116,2.0
209,438,2.0
40,490,2.5
385,314,5.0
255,389,5.0
200,49,4.0
257,440,4.0
283,369,5.0
5,6,5.0
107,421,1.5
16,301,3.0
399,213,3.0
66,429,4.5
7,126,5.0
171,242,4.5
255,136,5.0
306,62,5.0
213,470,1.0
318,349,3.5
189,313,5.0
69,454,2.0
160,310,2.5
64,446,4.5
396,295,3.5
277,150,3.5
204,272,4.0
14,301,3.0
209,100,3.0
371,81,5.0
311,309,4.5
38,123,4.0
172,173,4.0
48,131,5.0
357,382,5.0
151,67,4.5
209,482,5.0
188,323,1.5
173,122,4.5
203,220,4.0
381,24,4.5
50,60,5.0
219,400,5.0
22,484,3.0
29,267,5.0
185,200,4.0
312,46,5.0
391,14,4.0
351,234,2.5
382,109,3.0
90,394,3.5
175,183,2.0
221,261,4.5
224,293,3.0
321,434,4.5
391,288,4.5
74,319,3.5
269,426,3.5
384,494,2.0
124,156,5.0
3,407,4.5
230,400,3.5
153,122,4.0
342,468,4.5
271,70,4.0
109,120,4.5
315,371,3.0
53,342,4.0
354,356,1.5
25,260,4.0
290,298,5.0
149,147,4.5
9,366,5.0
131,299,5.0
207,388,4.5
294,320,5.0
216,393,4.5
193,446,5.0
152,426,4.5
310,389,4.5
374,347,5.0
234,46,5.0
152,75,4.5
188,297,4.0
292,128,3.0
290,53,4.0
396,257,5.0
292,317,5.0
100,489,3.0
98,56,3.0
400,414,5.0
151,400,3.0
221,207,4.5
29,209,4.5
12,286,4.0
204,328,3.0
392,214,5.0
16,329,4.0
384,111,4.0
371,117,4.5
113,167,4.5
309,465,4.0
125,461,5.0
71,337,5.0
388,9,5.0
146,424,1.0
177,492,4.0
340,61,5.0
356,290,4.5
175,16,4.5
76,208,4.5
184,279,4.5
223,339,3.5
282,196,4.5
177,209,4.5
111,8,4.5
219,51,4.5
352,452,3.0
98,414,4.5
293,173,5.0
385,62,3.5
99,398,3.5
278,77,3.5
396,160,5.0
140,321,5.0
16,427,5.0
245,386,3.5
4,342,5.0
223,308,4.0
200,33,5.0
60,427,5.0
199,258,3.5
42,343,3.0
314,172,5.0
14,25,5.0
193,271,2.0
332,143,2.5
323,311,2.5
378,165,2.0
209,397,3.0
323,268,3.5
299,487,4.0
211,322,3.0
374,189,3.5
144,139,1.5
254,226,4.0
145,201,3.0
366,483,4.0
72,372,4.0
211,344,3.0
71,177,1.5
48,382,5.0
372,321,5.0
197,473,2.0
83,290,5.0
309,35,5.0
135,12,4.0
269,346,4.5
35,497,3.5
104,233,3.5
68,489,5.0
184,367,5.0
104,177,5.0
206,56,4.0
41,238,1.0
85,348,3.0
309,84,1.0
58,113,5.0
122,423,4.5
343,163,3.0
254,280,4.5
177,193,3.0
112,230,2.5
342,280,4.0
136,304,2.0
87,443,4.5
25,73,5.0
151,262,2.0
49,221,3.5
28,122,4.0
350,129,5.0
204,241,4.5
73,464,4.0
256,342,4.5
96,39,1.0
83,328,2.5
252,458,5.0
275,424,3.0
322,100,3.5
215,88,4.5
175,377,5.0
375,352,4.5
120,389,4.0
119,448,5.0
125,449,3.0
264,91,4.5
164,210,1.5
118,294,5.0
379,12,4.5
360,302,4.5
326,220,4.0
61,233,4.0
32,207,5.0
255,121,5.0
266,400,5.0
8,187,5.0
193,277,3.0
338,431,3.0
115,323,4.0
346,82,2.5
202,348,5.0
188,8,5.0
277,230,5.0
352,136,4.0
77,376,2.5
334,395,5.0
38,293,3.0
291,204,5.0
387,305,5.0
286,303,4.5
350,138,3.5
320,312,4.5
280,445,1.5
82,65,5.0
20,436,4.0
18,488,4.5
374,118,4.5
278,222,5.0
307,367,5.0
260,497,4.0
67,153,5.0
173,434,5.0
263,284,4.5
332,44,3.5
232,321,4.5
235,493,5.0
19,356,4.5
47,183,5.0
121,459,4.5
230,200,4.0
277,394,5.0
96,14,5.0
232,141,4.0
40,494,4.5
369,322,4.5
237,254,4.5
253,197,4.5
320,295,5.0
259,255,5.0
79,429,5.0
164,265,4.5
253,384,2.0
330,273,4.0
269,1,4.0
96,350,4.5
122,189,2.0
138,453,1.5
185,387,5.0
196,373,4.5
352,234,4.5
16,345,3.0
144,461,4.5
399,383,4.0
192,138,3.5
269,202,4.0
202,101,3.0
314,151,3.0
127,325,5.0
350,273,5.0
138,405,4.0
114,444,5.0
280,492,5.0
294,479,3.0
208,85,3.5
351,349,5.0
96,273,5.0
370,478,4.0
176,200,3.0
295,88,4.0
302,114,5.0
114,176,4.5
352,190,3.0
259,55,4.5
201,190,4.0
331,251,4.5
198,487,5.0
167,9,4.5
388,250,5.0
148,423,3.5
4,100,4.0
320,62,5.0
263,423,4.5
58,468,4.0
248,85,2.0
268,427,5.0
298,121,3.5
20,45,5.0
108,202,4.0
167,151,4.0
168,424,4.0
55,111,5.0
188,318,5.0
215,244,5.0
269,50,3.5
219,230,5.0
24,9,5.0
137,488,5.0
357,443,4.5
56,146,5.0
45,19,5.0
91,234,4.0
271,486,5.0
357,303,4.5
288,31,4.5
68,388,4.0
140,185,3.0
264,270,4.5
393,179,4.0
71,479,4.0
398,220,4.0
167,443,5.0
260,213,5.0
231,276,4.0
153,442,3.0
253,362,4.0
173,380,5.0
144,278,4.5
376,302,4.0
187,408,5.0
365,431,4.5
92,258,3.0
315,467,3.0
43,416,5.0
171,14,3.0
4,452,2.0
80,411,4.0
328,118,4.5
119,38,5.0
68,330,5.0
60,410,4.0
163,36,3.5
166,175,4.0
268,105,4.5
218,285,5.0
350,52,3.5
146,436,4.5
316,197,4.0
318,367,4.5
256,494,5.0
114,217,4.0
327,404,4.0
150,330,4.0
383,4,3.0
264,379,5.0
189,148,3.5
36,270,3.5
89,363,4.5
55,378,3.0
33,65,3.5
74,450,5.0
4,321,4.0
48,31,4.0
5,454,2.5
126,213,3.5
82,105,5.0
238,177,1.5
85,393,4.0
266,362,2.5
234,91,5.0
180,246,4.0
134,383,5.0
288,322,3.5
70,195,3.0
293,483,2.0
73,317,2.5
398,438,4.5
233,196,5.0
284,124,5.0
201,28,4.5
94,368,4.0
62,331,4.0
33,235,5.0
102,227,5.0
373,112,5.0
336,299,5.0
15,167,3.0
80,296,5.0
315,110,5.0
88,490,3.0
219,410,4.0
300,39,4.5
121,284,4.5
122,460,3.0
335,187,5.0
126,405,4.5
277,105,4.0
158,137,4.0
251,372,4.5
378,381,5.0
113,83,5.0
149,127,5.0
293,171,3.5
130,296,5.0
397,256,4.5
372,60,3.0
229,310,5.0
299,225,1.0
293,90,4.0
83,29,4.0
342,462,4.5
389,270,5.0
369,58,3.5
363,459,5.0
71,297,5.0
266,125,3.0
15,416,4.5
51,69,5.0
204,374,5.0
28,281,3.0
20,453,2.0
390,284,4.5
352,454,4.0
258,260,5.0
225,179,5.0
355,379,5.0
191,342,4.5
95,122,4.5
202,474,2.0
385,405,5.0
394,21,3.5
143,155,3.5
199,331,2.5
294,438,5.0
165,57,4.0
178,428,5.0
108,447,5.0
48,12,5.0
330,296,3.0
374,483,4.5
179,340,1.5
156,102,4.0
335,445,5.0
99,30,4.5
101,467,1.0
213,241,2.5
352,304,4.5
312,496,3.0
204,25,4.5
375,78,3.0
81,61,5.0
359,492,4.0
239,386,4.5
28,59,4.5
382,345,2.5
58,196,4.0
67,468,3.0
62,317,5.0
229,70,5.0
339,381,5.0
390,225,5.0
102,474,4.5
374,110,2.0
293,99,4.0
173,107,4.5
339,92,4.0
341,416,4.0
267,54,3.0
145,91,3.0
146,12,5.0
350,203,4.5
72,473,4.0
5,296,4.5
69,77,4.5
193,66,1.5
303,100,5.0
188,496,4.0
195,430,5.0
380,377,4.5
110,367,4.5
306,177,3.0
356,299,4.5
9,398,3.0
233,61,3.0
98,218,5.0
282,168,4.5
199,158,5.0
67,109,5.0
133,483,2.5
381,399,3.0
73,247,5.0
217,64,4.0
83,246,3.5
254,143,2.0
307,318,2.0
369,370,5.0
221,219,5.0
12,212,3.5
65,441,3.5
333,484,5.0
176,164,3.5
82,424,5.0
324,329,1.0
360,364,5.0
17,128,2.0
9,316,4.0
208,490,4.5
394,328,4.0
217,458,5.0
319,34,4.0
303,347,5.0
179,191,3.5
89,485,3.5
246,431,3.0
129,237,4.0
57,23,4.5
394,61,5.0
264,63,2.0
14,413,5.0
212,284,3.5
231,205,3.5
47,251,3.0
265,22,4.5
265,50,5.0
344,188,4.0
76,304,1.5
369,56,5.0
361,32,4.0
101,261,2.0
232,53,3.5
237,365,3.5
41,497,2.0
148,185,5.0
142,252,4.0
206,90,3.0
101,13,1.5
223,94,4.0
271,347,4.0
219,361,4.0
130,255,1.5
62,288,1.0
102,344,5.0
398,103,4.5
81,422,5.0
226,473,3.5
224,456,4.0
77,41,4.0
33,269,3.5
71,359,5.0
10,17,2.0
137,207,4.0
52,160,5.0
321,302,1.5
35,408,3.0
229,302,4.5
240,64,5.0
20,11,5.0
135,300,3.5
394,483,4.5
367,289,5.0
363,324,5.0
294,2,4.0
342,363,2.5
89,22,3.5
312,257,2.0
302,153,4.5
307,421,4.5
203,402,4.5
253,328,3.5
34,102,4.0
225,351,3.0
213,196,4.5
384,150,3.0
196,490,3.0
111,249,3.5
26,249,4.0
137,128,3.5
90,391,4.0
94,108,5.0
264,343,4.5
149,299,4.5
59,313,4.0
8,35,5.0
136,85,5.0
339,72,1.5
240,27,4.5
277,433,3.0
46,211,2.0
82,339,4.5
15,323,5.0
322,133,2.5
280,484,5.0
43,121,4.0
360,385,4.5
263,305,4.5
400,300,4.0
76,460,3.0
228,493,1.5
276,258,4.5
149,476,4.5
16,418,5.0
37,497,4.5
205,458,3.5
274,71,3.0
62,232,5.0
183,268,4.5
120,293,5.0
260,192,4.0
6,277,3.0
14,133,4.5
215,243,4.0
342,48,5.0
93,432,3.0
289,44,4.0
207,47,5.0
343,44,5.0
262,457,4.5
303,139,5.0
308,344,4.0
259,78,4.0
386,201,4.5
344,477,5.0
341,326,2.0
23,302,4.0
366,61,3.5
46,405,4.5
58,182,4.0
254,461,4.5
128,91,4.5
346,458,5.0
284,286,3.5
371,194,4.0
399,477,4.0
338,344,4.5
94,150,4.5
310,475,4.0
328,145,5.0
193,197,4.5
369,136,5.0
220,14,3.5
262,160,3.0
228,6,3.0
174,53,4.0
82,478,4.0
390,125,5.0
209,141,4.5
65,1,4.5
294,492,5.0
114,137,4.5
273,357,4.5
315,22,5.0
71,133,4.0
78,386,4.5
309,295,2.5
12,320,5.0
46,154,2.5
58,301,5.0
372,128,4.0
387,308,4.5
84,421,5.0
366,209,3.0
110,244,5.0
1,175,3.0
128,23,5.0
165,285,4.5
206,171,5.0
359,12,5.0
185,465,5.0
385,155,4.5
135,64,4.5
220,163,4.5
99,357,3.5
15,404,4.5
206,433,2.0
387,380,4.5
383,34,5.0
65,359,3.5
276,294,5.0
323,22,4.5
374,2,5.0
237,427,4.5
50,140,2.5
139,212,4.5
54,404,3.5
168,319,3.0
202,321,4.0
136,280,4.0
340,276,4.5
128,358,5.0
203,357,4.5
226,160,5.0
196,291,4.0
47,168,4.0
134,161,5.0
26,57,3.0
70,370,4.5
93,30,5.0
400,245,5.0
127,357,5.0
356,23,4.0
37,243,2.5
350,373,2.0
306,276,5.0
285,414,4.0
216,161,3.5
364,332,3.0
264,297,3.5
191,307,2.0
249,4,2.0
305,336,4.5
155,414,3.0
272,498,4.5
92,25,4.0
193,193,5.0
141,403,5.0
286,315,4.0
255,211,2.0
224,135,3.0
160,162,4.0
187,251,5.0
175,276,5.0
293,231,5.0
158,394,4.0
114,99,5.0
312,15,4.0
125,439,5.0
133,410,4.0
196,402,3.0
325,95,5.0
173,359,3.5
56,204,4.5
310,312,4.0
28,5,5.0
346,218,3.0
96,61,3.0
151,93,5.0
232,220,5.0
245,356,4.5
160,206,3.0
162,314,2.5
15,54,2.5
144,364,5.0
48,191,5.0
258,418,5.0
274,409,4.5
199,31,1.0
275,8,3.0
302,265,5.0
247,365,4.5
287,66,3.5
41,89,4.5
184,228,5.0
7,477,5.0
229,70,5.0
210,406,3.5
85,327,5.0
39,76,5.0
85,28,3.5
129,118,5.0
246,176,3.5
178,357,4.5
198,444,5.0
25,237,4.5
326,87,4.0
136,486,4.5
159,66,3.0
286,356,5.0
258,167,5.0
186,409,5.0
138,25,1.5
220,131,4.0
189,147,4.5
174,379,3.0
101,433,5.0
58,72,5.0
79,479,5.0
230,147,5.0
315,392,5.0
252,350,5.0
376,418,5.0
231,225,5.0
204,392,3.5
341,151,4.5
348,381,3.0
87,16,3.0
285,276,4.0
87,420,2.5
244,182,5.0
336,278,2.0
35,311,5.0
127,424,2.0
169,366,4.5
17,198,4.5
118,167,5.0
258,425,3.0
320,458,3.5
118,452,4.0
19,440,5.0
359,404,4.5
54,264,2.5
203,226,4.0
147,264,5.0
218,177,5.0
143,131,3.5
344,490,4.0
135,219,2.0
273,108,5.0
186,353,2.5
309,318,3.5
361,402,4.5
8,329,5.0
387,467,5.0
343,165,3.5
306,64,3.0
234,492,4.5
339,131,5.0
377,198,5.0
291,297,4.0
301,271,4.5
80,454,5.0
354,307,2.0
162,247,4.5
69,429,4.0
141,430,4.0
71,130,4.0
19,415,2.5
374,307,4.5
196,364,3.5
138,68,5.0
286,333,3.5
231,84,4.5
122,291,5.0
78,500,3.0
331,338,4.5
16,201,5.0
81,484,5.0
108,89,4.5
264,474,2.0
296,286,5.0
86,75,3.0
60,8,3.0
90,456,1.0
33,355,4.5
237,223,4.0
24,466,1.5
324,306,4.5
286,471,5.0
247,367,4.0
6,281,2.5
152,97,4.0
48,148,2.0
371,121,5.0
149,476,4.0
125,329,5.0
302,262,5.0
248,142,4.0
385,393,5.0
329,71,3.5
159,210,5.0
302,162,5.0
51,18,1.0
376,396,5.0
235,428,5.0
94,2,4.0
143,484,4.0
381,302,4.0
39,170,1.5
353,24,4.0
343,200,4.0
48,38,1.0
332,202,5.0
154,445,2.5
47,361,5.0
116,145,1.0
229,278,4.0
205,315,5.0
303,138,5.0
241,22,4.5
8,189,5.0
390,100,4.0
281,104,4.0
73,194,4.5
291,290,4.5
82,199,4.5
8,271,3.5
222,286,4.5
326,290,3.0
271,350,4.5
249,401,4.5
187,16,4.0
303,220,3.0
233,433,2.5
233,460,4.0
355,305,3.5
12,483,2.5
221,452,5.0
184,233,5.0
324,268,4.5
96,195,1.0
41,284,5.0
390,484,5.0
293,189,5.0
38,402,4.0
172,262,4.0
61,236,4.5
149,362,2.5
383,71,4.5
198,309,3.0
39,50,4.5
331,283,3.0
48,312,5.0
207,482,3.0
137,91,3.0
309,483,4.0
263,301,2.5
28,416,5.0
136,370,5.0
137,470,3.0
284,178,5.0
191,249,5.0
24,164,4.0
259,65,1.0
296,73,3.0
188,255,5.0
364,295,1.5
376,26,2.0
205,113,5.0
176,210,3.5
28,236,3.0
70,143,5.0
241,91,4.5
287,313,4.0
370,454,5.0
3,30,2.5
267,334,5.0
265,94,3.0
135,368,4.0
47,70,5.0
38,200,5.0
278,474,5.0
396,192,1.0
34,31,5.0
288,329,5.0
31,47,3.0
191,500,1.0
92,433,4.0
56,418,4.5
162,96,4.0
383,451,2.0
186,117,5.0
226,28,5.0
70,103,2.0
237,37,5.0
304,161,5.0
3,490,4.0
359,425,5.0
45,450,4.5
160,288,5.0
358,151,3.5
331,73,5.0
268,240,4.0
285,294,3.5
212,177,3.0
132,143,5.0
393,60,4.0
376,46,5.0
370,264,5.0
243,104,5.0
276,43,3.5
395,372,5.0
19,133,4.0
79,181,5.0
340,313,4.0
351,94,2.5
152,110,5.0
373,185,4.0
269,392,5.0
124,173,5.0
78,216,4.5
208,442,3.5
280,223,2.0
220,230,3.5
281,113,5.0
129,457,4.0
278,258,3.5
156,496,3.0
117,196,5.0
323,497,5.0
208,469,3.0
25,170,4.0
229,418,4.0
142,361,2.0
185,230,4.5
181,41,4.0
204,82,3.5
94,374,5.0
305,18,4.5
171,462,5.0
55,22,4.5
359,159,5.0
342,308,3.0
120,52,5.0
52,237,5.0
199,49,4.5
352,10,3.0
152,361,5.0
350,200,2.0
360,91,3.0
13,208,5.0
190,471,3.5
138,358,5.0
350,91,5.0
43,342,3.0
225,462,4.0
290,183,5.0
31,6,3.0
214,389,5.0
26,41,4.0
173,110,5.0
94,465,5.0
336,352,5.0
133,226,4.5
317,174,1.5
145,23,5.0
253,52,5.0
361,98,5.0
238,305,4.5
182,363,5.0
346,188,4.5
119,342,5.0
34,25,1.0
202,148,5.0
319,111,5.0
396,370,1.0
354,460,4.5
2,143,4.0
17,450,3.5
24,260,4.5
390,146,2.0
278,154,4.5
49,490,3.5
335,173,5.0
316,457,3.0
280,184,4.0
385,125,5.0
352,291,4.0
24,186,4.0
18,31,4.0
250,292,5.0
7,330,1.5
293,220,5.0
281,31,2.5
199,368,4.0
135,23,5.0
124,246,4.5
356,349,3.0
112,340,3.5
148,158,4.5
192,442,3.5
2,202,4.5
194,389,5.0
81,172,4.0
112,83,4.5
6,38,4.5
195,161,3.5
201,95,3.5
236,276,3.5
299,32,4.5
339,485,4.5
399,77,3.5
114,158,4.0
49,36,1.0
17,293,2.0
216,430,4.5
183,126,1.0
392,492,4.5
212,262,3.5
8,78,5.0
60,46,4.0
228,113,5.0
316,475,1.0
348,172,5.0
234,172,5.0
289,285,5.0
279,231,4.0
290,441,3.0
88,304,5.0
395,217,4.0
203,24,3.5
124,215,4.5
92,409,1.0
356,73,4.0
182,267,3.0
131,237,5.0
13,356,4.5
1,465,4.0
47,411,4.0
83,116,5.0
282,4,3.0
221,359,5.0
51,332,5.0
372,339,3.0
181,465,5.0
64,268,4.5
251,371,1.0
188,290,2.5
55,396,3.0
224,109,4.5
171,282,4.5
374,302,5.0
292,384,4.0
241,86,5.0
49,196,4.5
23,363,2.0
396,174,5.0
246,274,5.0
359,310,5.0
35,281,5.0
312,483,3.0
298,246,5.0
261,142,4.0
160,444,2.0
50,264,3.0
370,387,4.0
1,28,3.0
110,315,4.0
66,321,5.0
118,70,4.5
80,31,3.5
143,143,4.5
143,336,3.5
68,474,5.0
269,383,3.0
216,499,5.0
185,296,4.5
101,359,1.0
65,377,4.5
7,66,2.0
107,26,3.5
366,357,3.0
68,67,5.0
255,184,5.0
66,357,5.0
125,191,5.0
22,461,5.0
67,258,2.5
172,454,2.0
130,203,3.5
350,423,2.0
367,407,4.5
226,234,4.0
204,463,4.5
313,276,3.5
394,37,5.0
334,83,5.0
46,213,5.0
352,381,2.5
153,194,5.0
21,441,5.0
299,384,5.0
112,62,5.0
15,135,3.5
380,278,5.0
35,318,4.0
84,78,4.5
104,481,3.0
250,8,4.5
188,208,4.5
189,497,5.0
202,236,5.0
21,197,3.5
202,477,3.0
293,263,5.0
186,186,2.0
298,147,5.0
131,154,4.5
226,495,4.0
101,351,4.0
395,97,5.0
291,214,4.0
155,332,4.5
86,233,3.0
87,198,3.0
61,46,4.0
76,131,3.5
211,341,3.0
379,176,5.0
285,357,4.0
345,78,3.0
264,436,4.5
21,274,5.0
305,487,5.0
51,379,4.5
209,76,4.5
371,160,5.0
365,44,4.5
293,350,4.0
113,103,4.5
123,455,3.0
145,485,4.0
96,456,4.0
30,187,4.5
116,126,3.5
104,487,5.0
354,124,2.5
362,428,4.0
343,271,4.5
15,192,5.0
137,190,5.0
399,373,4.0
354,289,4.5
256,170,5.0
206,301,5.0
369,409,5.0
370,396,5.0
326,172,5.0
185,496,3.5
190,289,4.0
139,202,4.0
373,305,5.0
196,493,5.0
221,107,5.0
65,41,3.0
147,190,1.5
358,466,1.0
171,474,5.0
317,470,5.0
261,45,5.0
95,390,4.0
74,166,5.0
191,295,4.0
155,433,4.0
58,437,5.0
7,233,5.0
142,70,3.5
398,368,4.5
61,137,3.0
63,478,5.0
27,342,5.0
334,279,4.5
127,406,5.0
213,419,3.0
398,163,5.0
110,368,5.0
232,291,4.0
337,395,4.0
54,493,5.0
10,16,4.5
352,375,3.0
272,421,4.0
86,73,5.0
41,189,5.0
229,48,5.0
286,144,4.0
108,186,5.0
337,144,5.0
91,222,5.0
259,409,4.0
137,433,5.0
348,256,2.0
255,100,4.5
84,446,4.5
347,13,5.0
211,408,4.0
380,421,3.0
228,237,4.0
296,221,4.0
166,209,3.0
240,2,3.0
32,331,5.0
391,323,5.0
79,417,4.0
275,33,1.5
189,167,4.5
338,24,2.0
78,248,5.0
92,374,3.0
159,96,4.0
340,434,5.0
62,218,1.5
155,117,5.0
355,406,3.0
112,391,4.0
322,356,2.5
85,466,2.0
63,102,4.0
178,180,5.0
266,398,4.0
370,14,4.5
96,295,5.0
249,402,3.5
66,369,4.0
316,181,5.0
338,350,3.5
121,76,3.0
328,355,5.0
227,117,5.0
98,458,4.5
312,90,1.0
187,437,4.0
356,425,5.0
114,401,4.0
67,117,4.0
45,260,4.0
18,241,4.0
26,283,5.0
24,262,3.0
311,255,5.0
62,392,4.5
82,425,5.0
196,20,3.0
252,64,3.0
52,182,4.5
284,114,5.0
286,348,4.5
94,362,2.5
253,342,5.0
323,223,5.0
391,135,4.5
133,400,4.0
103,167,4.0
135,68,3.0
111,354,5.0
73,488,3.0
365,261,1.5
55,387,4.5
130,79,4.0
344,440,5.0
79,368,5.0
351,324,5.0
92,376,5.0
208,30,4.0
317,173,3.5
336,26,5.0
125,427,5.0
370,246,5.0
126,35,5.0
59,273,2.0
204,351,5.0
142,54,5.0
4,249,4.5
118,439,4.5
157,396,3.0
288,166,3.0
338,37,3.5
198,90,4.0
30,261,5.0
340,205,3.5
369,243,4.5
198,33,4.0
142,405,4.0
186,164,3.5
38,410,3.0
321,338,2.5
45,220,5.0
138,37,2.5
393,471,4.5
169,220,3.5
292,478,4.5
296,370,4.0
109,303,4.0
281,255,4.0
95,31,4.0
1,416,3.0
130,87,4.0
82,342,1.0
319,444,4.5
50,70,5.0
46,77,4.0
104,293,3.5
367,221,5.0
318,207,4.0
291,332,4.0
19,290,5.0
243,111,2.5
219,252,5.0
119,41,5.0
395,95,3.0
334,200,4.5
15,236,5.0
357,296,5.0
274,319,4.0
279,216,4.0
327,480,3.5
324,351,4.5
358,355,4.0
60,309,2.5
395,196,4.0
97,16,5.0
345,372,5.0
327,172,3.0
64,75,2.0
62,301,2.5
13,397,4.0
194,140,5.0
289,328,4.0
146,246,1.0
26,1,3.0
288,238,4.0
159,279,4.5
223,255,4.0
294,230,4.5
159,454,5.0
215,418,3.5
178,219,5.0
18,132,5.0
17,12,4.0
181,162,5.0
241,102,2.0
379,198,5.0
290,219,4.5
238,226,2.5
326,290,4.5
71,292,5.0
115,165,3.5
356,190,4.5
369,5,3.0
180,57,3.0
83,237,4.0
106,219,4.0
41,437,4.0
149,470,4.5
287,431,4.5
172,314,4.0
145,212,4.5
127,153,5.0
386,135,5.0
150,382,3.5
364,132,5.0
157,314,3.0
292,476,4.5
126,386,4.5
362,484,5.0
142,297,4.0
116,295,5.0
210,136,1.5
389,347,5.0
359,288,3.0
115,25,4.5
257,216,3.0
371,245,5.0
112,295,4.5
273,329,5.0
268,299,5.0
139,52,3.5
54,496,1.0
390,293,4.0
32,354,3.0
246,390,2.0
168,155,5.0
266,179,3.0
323,364,5.0
190,173,4.0
300,68,5.0
65,20,3.5
22,155,3.5
222,435,4.0
33,76,5.0
115,291,2.0
15,73,5.0
183,55,3.0
59,105,5.0
237,171,5.0
183,271,5.0
201,98,4.0
173,322,5.0
242,494,1.0
221,498,5.0
294,313,3.5
36,134,5.0
283,153,3.0
357,168,4.0
114,44,2.5
278,282,4.0
105,152,5.0
98,425,4.0
344,380,3.0
128,100,4.0
150,94,3.5
107,336,3.0
155,119,4.5
366,297,4.0
380,355,4.5
337,203,5.0
277,426,1.5
283,406,5.0
334,161,5.0
73,292,5.0
196,386,4.5
26,79,5.0
335,46,4.5
250,225,5.0
33,239,3.5
20,155,3.5
164,30,3.0
275,407,5.0
188,485,2.0
83,418,4.5
144,217,4.0
93,230,5.0
374,447,5.0
389,82,3.5
69,267,5.0
320,407,3.5
70,9,3.0
206,294,5.0
111,105,5.0
118,12,3.5
130,210,4.0
35,376,5.0
344,462,4.0
234,187,5.0
6,225,5.0
73,398,4.0
313,178,5.0
162,128,5.0
30,89,3.5
190,108,2.0
89,467,3.5
298,285,5.0
250,88,3.5
111,139,5.0
68,24,3.0
152,235,2.5
298,415,5.0
395,9,2.5
368,84,5.0
339,409,3.0
27,452,4.0
225,417,5.0
212,470,5.0
339,453,4.5
374,398,5.0
244,329,4.5
254,165,5.0
212,55,4.5
308,480,5.0
136,26,4.0
328,278,3.5
226,79,5.0
241,323,3.0
259,447,5.0
93,80,4.0
21,411,5.0
353,176,4.0
389,274,3.5
131,469,4.5
379,76,5.0
249,128,4.5
232,294,5.0
40,407,3.0
67,44,2.5
25,62,4.5
263,22,3.5
178,353,4.5
381,315,2.0
38,233,5.0
249,150,5.0
323,478,3.5
78,181,3.0
318,317,3.5
182,92,4.5
377,454,5.0
57,253,3.0
90,73,5.0
199,384,3.5
113,286,4.0
84,11,4.0
149,77,3.0
193,91,4.0
165,351,5.0
303,451,4.5
99,466,3.5
377,1,5.0
101,104,5.0
151,155,4.0
10,157,4.5
266,256,4.5
298,473,4.0
139,238,1.5
86,6,5.0
315,350,4.0
260,351,4.0
314,393,5.0
98,404,5.0
255,132,4.5
94,204,4.0
337,108,3.0
307,380,4.0
120,138,3.0
255,243,4.0
88,82,5.0
291,79,1.5
42,454,4.0
278,43,3.0
310,69,1.5
189,294,5.0
81,78,4.5
60,37,4.0
394,211,3.5
78,303,4.0
388,341,5.0
206,120,4.0
238,343,5.0
79,331,4.0
319,371,4.0
392,489,3.0
221,194,2.5
340,133,4.5
14,331,4.5
174,50,3.5
371,55,3.5
276,390,5.0
23,140,4.5
115,361,5.0
33,420,4.5
91,436,3.0
89,401,2.5
384,152,4.5
58,365,4.0
79,446,4.0
214,275,4.5
206,153,5.0
54,391,4.5
272,168,3.5
276,30,4.0
157,385,3.0
345,1,2.0
199,91,4.5
258,469,5.0
227,327,4.5
126,426,4.0
168,398,5.0
199,327,4.0
205,384,4.0
382,61,4.5
371,67,3.5
338,93,3.0
73,367,5.0
75,92,2.5
94,9,4.0
33,24,3.5
314,130,4.5
58,145,5.0
262,470,5.0
396,442,5.0
58,47,4.0
315,229,3.0
390,209,4.5
305,314,3.5
354,270,2.5
83,264,5.0
57,377,4.5
30,113,5.0
217,210,1.5
353,382,3.0
2,32,1.0
101,383,3.0
173,100,4.5
97,447,2.5
165,324,2.0
92,139,3.5
272,461,3.5
364,1,5.0
284,353,3.0
214,432,5.0
88,338,5.0
393,314,2.0
231,204,4.5
222,84,5.0
388,224,5.0
117,91,5.0
106,452,5.0
313,458,4.0
105,110,5.0
209,461,5.0
259,173,4.5
324,494,4.5
385,424,5.0
91,204,4.0
127,223,4.5
398,56,1.0
39,98,3.0
259,406,3.0
116,368,4.5
51,345,4.5
261,375,5.0
179,460,3.0
378,308,5.0
33,271,4.0
363,481,5.0
359,11,4.0
247,253,4.0
334,23,4.0
323,371,4.0
298,86,1.0
276,268,3.0
335,417,3.5
395,39,4.5
240,311,4.0
210,60,4.0
258,356,3.0
304,215,4.5
274,330,3.5
355,154,4.0
255,92,5.0
9,367,5.0
78,360,4.0
189,357,5.0
205,274,4.0
88,314,5.0
295,425,2.5
166,230,3.5
316,260,4.5
84,176,4.0
309,140,4.5
322,326,1.0
228,378,4.0
70,297,5.0
12,228,3.5
244,74,5.0
211,217,4.5
156,33,5.0
294,317,4.0
12,288,1.0
305,235,4.0
349,255,3.5
181,352,4.5
293,146,4.0
39,489,4.5
312,411,4.5
155,58,4.0
125,148,5.0
266,484,4.5
106,205,5.0
275,414,4.5
195,150,5.0
274,15,3.5
162,6,5.0
86,340,4.5
202,449,1.0
88,61,5.0
17,84,4.0
235,21,4.0
149,284,4.5
32,10,5.0
92,139,4.5
130,184,4.5
395,114,1.0
277,294,4.5
341,412,2.0
248,157,4.5
277,283,3.5
305,378,4.0
381,55,4.5
213,444,3.5
77,474,5.0
190,469,1.0
1,109,2.0
177,369,4.0
348,207,3.0
399,306,4.0
105,9,5.0
184,199,4.0
286,134,5.0
99,423,4.0
278,341,5.0
151,222,4.0
27,258,5.0
370,468,1.5
61,272,4.0
213,450,4.5
18,16,3.0
385,105,4.0
353,63,2.0
139,471,4.0
130,68,4.5
23,202,4.5
341,176,5.0
287,463,5.0
192,85,4.0
20,194,3.0
399,65,3.0
177,313,4.5
245,71,4.0
218,394,3.0
93,64,4.5
170,121,3.5
326,332,4.5
226,407,1.5
256,158,4.0
200,156,4.5
351,403,4.0
306,115,4.5
168,88,2.5
119,274,3.5
4,251,5.0
71,148,4.0
179,112,3.0
360,425,5.0
306,29,1.0
128,202,3.0
95,485,2.5
35,476,5.0
242,122,5.0
328,74,4.5
238,254,3.0
396,139,4.5
280,375,3.5
178,285,4.0
346,165,4.5
88,93,4.5
157,88,5.0
178,72,5.0
161,52,4.0
258,168,4.5
315,44,4.0
29,173,5.0
271,437,4.5
186,158,4.5
133,230,4.0
138,242,3.5
188,327,3.5
396,73,4.0
271,375,5.0
375,152,3.0
237,61,4.0
154,360,5.0
293,236,3.5
149,434,5.0
105,19,4.0
251,262,4.5
114,100,3.0
112,216,2.5
36,353,3.5
330,267,5.0
94,219,5.0
263,243,4.5
90,416,5.0
35,181,5.0
246,279,4.0
5,147,5.0
223,95,4.0
33,161,3.0
228,355,4.0
168,426,4.5
168,374,3.5
263,26,3.0
290,443,3.0
218,352,4.0
150,143,5.0
255,45,5.0
227,381,4.0
84,304,5.0
302,478,2.5
159,115,3.5
203,70,4.5
295,132,5.0
323,407,4.0
175,27,4.5
295,300,5.0
354,19,3.0
273,305,4.5
246,117,4.5
273,464,3.5
351,363,4.0
49,361,2.5
305,210,4.5
149,464,3.5
334,151,4.0
377,481,4.5
265,153,4.5
344,315,5.0
299,190,4.0
288,467,5.0
397,456,4.5
326,364,4.5
387,267,3.0
266,380,3.0
304,27,3.0
37,226,5.0
237,375,4.5
339,460,4.5
324,430,2.5
71,154,4.5
97,328,4.5
232,461,2.5
8,475,4.0
298,271,4.0
135,474,4.0
51,405,3.5
106,218,4.5
82,268,5.0
268,54,2.5
372,112,4.5
108,271,4.5
386,223,5.0
59,397,2.5
126,313,5.0
252,428,4.5
141,484,5.0
296,6,5.0
12,378,5.0
337,470,5.0
369,294,4.5
86,427,3.0
240,296,2.0
162,76,4.5
218,474,4.0
107,114,5.0
192,46,4.5
337,161,5.0
276,385,1.5
370,238,5.0
7,394,5.0
164,100,3.0
203,11,5.0
63,63,4.5
300,41,1.0
273,65,5.0
243,158,3.0
162,179,3.0
371,219,2.0
31,354,4.5
274,409,3.0
258,368,3.0
146,168,2.0
70,154,3.5
237,106,4.0
176,478,5.0
272,255,3.5
388,206,3.0
226,41,3.5
179,261,5.0
206,291,3.5
181,124,5.0
31,361,1.0
171,279,4.0
385,431,5.0
47,188,4.5
150,231,4.5
45,334,4.0
198,421,4.0
300,250,4.5
183,178,5.0
60,52,4.0
127,202,5.0
315,22,4.5
261,467,3.5
249,94,4.0
82,279,4.5
393,333,4.0
3,176,5.0
152,91,4.5
194,414,3.5
36,419,5.0
212,40,2.0
54,320,5.0
237,491,5.0
325,457,3.5
275,447,5.0
154,210,5.0
22,500,4.0
64,20,3.0
287,280,1.0
252,110,1.0
74,250,4.0
217,69,5.0
261,447,3.0
325,133,4.5
233,60,4.5
297,118,4.5
109,475,1.5
211,295,5.0
215,254,4.0
356,388,5.0
338,441,4.5
355,471,1.0
89,89,4.5
391,440,3.5
315,261,4.0
139,447,4.0
180,58,5.0
122,426,5.0
169,276,5.0
233,70,5.0
64,233,3.5
101,11,4.5
218,413,4.5
287,62,5.0
388,197,5.0
139,398,5.0
18,104,4.0
107,303,4.5
268,462,2.5
253,106,4.5
227,334,5.0
263,114,5.0
110,208,3.5
244,231,1.0
129,49,3.5
5,310,1.0
58,483,5.0
99,263,5.0
215,497,1.5
280,66,4.0
179,136,5.0
21,474,3.5
336,434,3.0
120,458,2.5
18,371,4.5
231,237,3.0
138,389,3.5
11,29,5.0
254,354,4.5
361,140,3.0
111,82,3.5
400,123,5.0
330,39,2.0
248,366,4.5
51,489,4.5
74,74,5.0
279,488,4.0
301,374,5.0
244,78,5.0
131,444,5.0
209,105,3.0
192,41,5.0
153,407,3.0
149,8,3.5
356,331,4.5
89,215,3.0
274,425,4.5
19,99,4.0
270,221,3.0
196,111,2.0
7,77,4.5
230,356,4.5
29,479,5.0
399,18,1.5
172,400,5.0
201,458,5.0
370,70,2.5
185,101,4.0
279,299,1.5
174,239,4.0
161,16,2.0
254,125,3.0
289,495,1.0
237,111,4.5
46,98,5.0
18,336,4.0
83,48,3.0
277,417,4.0
22,381,4.5
39,336,4.0
73,96,3.0
130,162,5.0
364,397,3.5
209,406,3.0
254,57,4.5
281,414,5.0
36,243,5.0
233,132,4.0
209,28,5.0
75,423,3.5
155,151,5.0
68,95,4.0
48,332,4.0
74,176,3.0
301,139,5.0
73,489,5.0
341,374,1.5
140,157,5.0
229,409,5.0
93,193,4.5
107,346,3.0
329,321,4.0
49,116,5.0
241,210,2.5
239,309,5.0
369,286,1.5
347,69,3.5
177,424,5.0
300,277,4.0
196,19,3.0
55,295,4.5
164,490,5.0
298,473,5.0
88,413,4.0
208,388,5.0
376,311,5.0
212,131,4.0
220,406,5.0
264,346,4.0
110,238,4.0
31,465,1.0
270,138,4.0
133,13,4.5
119,225,5.0
286,500,2.5
290,57,4.5
252,150,4.5
291,67,2.5
154,23,2.0
293,378,5.0
271,478,5.0
104,202,4.5
374,321,3.0
102,403,4.0
118,143,4.5
262,224,3.5
21,259,3.0
115,294,5.0
211,164,3.5
96,76,5.0
5,87,2.5
86,103,5.0
252,352,5.0
76,444,1.0
169,1,5.0
390,112,1.0
11,10,4.5
193,128,5.0
381,366,5.0
233,123,4.5
314,3,1.0
267,293,5.0
291,47,3.0
61,208,5.0
12,297,5.0
48,197,4.5
380,322,3.0
121,72,5.0
104,479,4.0
298,345,4.5
396,296,5.0
379,367,4.5
199,5,4.5
376,173,4.0
43,483,5.0
281,218,4.0
133,199,3.5
26,12,5.0
302,264,3.5
113,128,4.0
50,371,5.0
229,43,5.0
268,452,2.5
48,340,4.5
331,190,5.0
169,257,3.0
294,493,5.0
77,499,1.5
326,134,5.0
341,7,2.5
105,166,5.0
143,212,4.0
229,165,4.0
295,311,4.5
146,298,5.0
140,442,4.0
227,76,5.0
49,30,4.5
137,452,4.5
9,415,3.0
395,277,5.0
353,260,3.0
71,335,3.5
229,306,5.0
148,496,1.0
201,73,2.0
178,257,5.0
255,135,5.0
70,240,3.5
184,327,5.0
211,160,3.0
114,177,5.0
9,5,4.0
82,318,2.5
396,287,5.0
283,360,4.0
282,60,5.0
36,322,3.0
324,499,4.0
290,10,3.5
204,59,5.0
32,238,4.5
113,29,3.5
210,13,2.0
66,288,3.5
74,235,2.5
46,371,5.0
90,103,5.0
66,291,5.0
322,219,2.5
46,65,1.5
136,485,4.5
192,6,4.5
220,223,5.0
115,490,5.0
375,468,5.0
133,160,4.0
24,497,5.0
336,91,5.0
226,215,5.0
325,154,4.0
13,55,4.5
171,122,1.0
256,369,5.0
321,105,5.0
159,252,5.0
133,121,4.0
216,43,4.5
210,274,3.0
163,388,3.0
348,65,5.0
343,488,3.0
232,2,4.5
215,361,5.0
180,478,5.0
205,488,3.0
67,142,5.0
319,451,4.0
210,437,4.5
262,439,5.0
320,151,4.0
42,340,3.0
31,328,3.5
8,19,4.0
56,413,4.5
257,290,4.0
155,499,3.0
121,161,5.0
108,158,2.0
372,215,5.0
386,194,4.5
57,78,2.5
327,222,5.0
310,378,5.0
84,183,3.5
89,9,5.0
338,354,3.5
145,330,5.0
393,64,3.0
364,314,4.5
101,280,4.5
272,76,4.0
2,439,4.5
120,158,3.5
347,301,5.0
257,448,5.0
92,371,2.5
265,142,4.5
215,275,1.5
208,208,3.5
397,10,4.0
51,419,3.0
23,94,2.5
190,160,3.5
384,143,2.5
372,96,3.5
16,61,5.0
27,160,4.5
271,218,1.0
123,255,3.0
366,374,4.5
259,198,2.0
30,104,3.0
358,104,3.0
229,282,5.0
319,310,5.0
26,42,2.5
142,17,5.0
108,153,5.0
244,417,3.0
55,385,5.0
383,51,4.5
239,391,4.5
213,24,5.0
54,453,4.5
199,453,5.0
390,482,4.0
367,316,5.0
27,370,4.5
51,298,4.5
326,239,5.0
169,445,4.0
5,322,3.0
106,491,4.0
115,173,4.5
362,62,1.5
86,286,4.5
228,268,5.0
242,71,5.0
307,390,2.0
117,240,3.0
213,55,4.0
283,354,4.5
399,316,4.0
80,67,5.0
347,306,5.0
302,325,5.0
129,247,4.5
62,275,3.5
174,429,3.5
230,450,4.0
55,461,5.0
94,409,3.5
8,345,5.0
282,188,5.0
239,444,5.0
17,8,3.0
132,343,5.0
100,409,5.0
110,449,4.0
96,84,5.0
63,201,4.5
197,309,4.5
196,283,4.0
234,133,4.0
242,11,4.0
227,350,5.0
34,224,4.5
61,126,4.5
187,357,5.0
73,46,4.0
377,60,5.0
153,422,3.0
38,3,4.0
5,112,3.5
24,482,5.0
333,268,5.0
81,145,5.0
360,384,5.0
318,276,5.0
296,71,3.5
150,258,2.5
13,6,4.0
55,379,4.0
39,417,1.0
118,24,3.0
189,467,2.5
244,369,4.0
366,282,5.0
358,149,4.0
126,119,4.5
315,442,4.0
159,282,2.5
2,167,1.5
61,451,5.0
256,216,3.5
80,252,4.5
300,404,4.0
63,164,4.0
283,173,4.0
392,469,5.0
71,280,5.0
230,465,4.5
51,69,3.5
191,392,4.5
260,51,4.0
133,80,4.0
328,24,5.0
307,237,3.0
376,197,1.5
152,403,4.0
389,378,5.0
190,396,3.5
396,237,4.0
19,184,2.5
53,14,4.0
32,424,4.5
63,186,4.0
135,387,4.5
273,329,5.0
247,341,5.0
111,51,4.5
158,117,4.5
398,96,5.0
152,421,2.5
155,258,5.0
362,236,4.5
197,26,3.0
89,171,3.5
385,202,5.0
207,76,5.0
96,285,4.5
154,24,4.0
220,129,3.0
229,335,5.0
350,106,3.0
35,441,5.0
106,483,4.0
373,281,5.0
206,244,4.0
71,184,4.5
112,458,4.5
370,259,5.0
311,27,4.0
344,356,1.5
135,265,5.0
268,202,4.5
120,91,2.0
172,400,4.0
121,133,1.0
14,352,4.5
310,396,3.0
103,296,4.0
43,490,5.0
306,438,4.0
132,398,1.0
99,350,4.5
165,211,4.0
378,243,4.5
238,256,5.0
177,131,3.0
40,301,5.0
15,124,5.0
270,133,3.0
93,245,3.5
207,384,5.0
234,374,3.5
31,362,3.0
330,76,4.0
55,390,2.5
238,426,4.0
251,219,4.5
252,55,4.0
30,400,4.0
316,453,4.5
59,148,3.5
283,207,4.5
120,17,4.0
54,428,4.0
297,5,3.5
92,96,1.5
93,383,4.0
292,407,4.5
49,456,3.5
348,204,3.5
40,32,4.0
13,445,2.5
238,453,5.0
10,472,3.5
42,205,5.0
229,455,5.0
176,351,1.0
17,150,4.5
107,95,4.0
235,94,3.5
144,193,4.5
58,442,5.0
82,289,3.5
228,222,5.0
285,3,4.5
289,17,5.0
388,476,4.0
32,81,5.0
316,374,4.5
282,167,3.0
310,113,5.0
116,66,4.0
81,389,4.5
277,441,2.5
294,61,5.0
114,179,4.5
153,500,5.0
220,31,3.0
221,368,4.0
203,331,4.0
88,233,5.0
284,330,4.0
106,302,4.5
320,384,4.5
192,12,4.0
1,259,5.0
223,155,5.0
215,384,4.5
187,386,4.0
12,87,2.0
6,341,5.0
53,290,5.0
88,305,2.0
96,396,2.5
191,398,5.0
154,452,5.0
318,17,3.5
278,294,5.0
300,116,3.0
81,179,5.0
127,106,3.0
86,126,4.0
21,79,5.0
334,413,4.0
31,59,4.5
374,116,5.0
146,169,5.0
350,460,2.0
208,298,4.5
284,414,4.5
356,402,3.5
100,387,5.0
99,449,3.0
127,202,5.0
304,219,3.0
276,14,4.0
383,380,4.5
331,119,3.0
138,386,3.5
83,451,4.5
228,400,4.0
307,202,4.0
314,308,4.5
29,61,3.0
255,206,3.5
247,236,4.0
191,143,3.0
8,197,3.0
397,444,3.5
48,290,3.5
230,176,4.5
51,301,3.0
203,229,2.5
118,52,4.0
119,370,4.0
217,438,5.0
243,164,3.0
261,323,5.0
129,197,3.0
73,360,1.5
318,218,3.0
393,118,1.5
293,304,3.0
380,451,4.5
138,162,5.0
139,32,3.0
362,55,2.0
354,118,5.0
182,6,4.0
139,108,5.0
72,52,4.5
54,154,3.5
26,265,5.0
249,470,4.5
327,72,3.5
310,499,3.0
355,380,3.5
68,79,5.0
257,280,3.5
131,322,5.0
165,359,5.0
57,303,3.0
4,155,5.0
248,253,2.0
253,325,4.0
295,102,5.0
121,388,3.0
302,286,4.0
49,184,5.0
30,85,4.0
367,278,4.5
222,141,2.0
267,171,4.5
184,377,4.5
99,425,5.0
88,499,5.0
359,224,5.0
245,70,4.0
89,10,5.0
137,204,4.0
338,300,5.0
186,157,5.0
400,327,5.0
378,192,2.5
300,201,3.0
82,89,3.0
180,5,5.0
274,94,4.0
340,479,4.5
87,388,5.0
154,229,3.0
211,97,4.5
129,451,3.0
7,47,5.0
87,406,3.0
141,45,3.5
294,90,4.5
7,311,5.0
214,202,3.0
356,228,2.0
210,205,1.0
176,424,5.0
298,185,4.0
95,35,4.0
146,332,2.0
368,119,4.5
26,378,5.0
295,113,3.5
391,103,4.5
91,69,3.0
238,48,2.5
304,114,4.0
3,356,2.0
11,478,4.5
237,249,4.5
165,205,3.5
57,473,5.0
215,426,5.0
243,500,4.0
67,201,3.5
363,270,5.0
182,6,1.0
167,117,4.0
103,139,4.0
228,423,4.0
76,439,3.5
57,106,5.0
102,403,4.0
7,330,5.0
317,133,3.5
48,495,4.0
71,481,3.5
51,200,4.0
148,60,5.0
101,236,3.0
241,338,5.0
268,186,4.0
216,458,5.0
17,217,5.0
107,405,3.5
150,93,4.5
24,420,3.5
220,415,2.5
168,440,4.0
262,282,4.0
45,428,5.0
318,316,4.5
89,154,5.0
22,452,3.0
287,113,4.0
137,396,3.5
394,255,3.0
138,177,4.0
172,408,3.5
200,294,3.5
292,390,5.0
85,184,5.0
396,275,4.0
116,194,5.0
71,215,4.5
22,144,5.0
89,102,4.5
376,362,3.5
335,7,5.0
2,305,4.0
257,448,4.0
161,247,5.0
138,90,2.5
372,143,3.5
400,303,4.5
17,298,5.0
245,274,2.5
345,219,2.0
251,434,4.5
211,378,2.5
114,234,4.5
268,135,3.5
235,27,4.0
193,43,4.5
232,432,4.5
180,450,4.0
213,435,4.0
348,449,4.0
120,207,4.5
35,189,4.5
356,45,4.5
265,383,4.5
18,481,2.0
232,244,5.0
86,296,5.0
6,398,4.5
172,21,5.0
333,431,5.0
198,11,3.5
121,187,4.0
220,18,4.0
19,117,5.0
228,137,5.0
304,261,3.5
14,203,4.0
226,341,3.5
208,242,5.0
62,281,5.0
94,377,3.0
211,455,5.0
295,329,3.5
42,315,1.5
263,232,4.5
260,221,4.0
258,390,4.0
307,414,5.0
199,242,5.0
294,213,3.5
349,417,3.0
264,356,4.5
258,388,4.0
205,13,5.0
162,409,5.0
166,435,1.5
344,327,4.0
71,72,5.0
356,234,2.0
332,439,4.5
392,359,5.0
280,443,4.0
371,227,1.5
201,106,3.0
32,391,2.5
391,84,4.5
347,459,5.0
243,99,5.0
298,298,3.0
261,430,4.5
345,291,5.0
82,252,3.0
79,215,5.0
394,105,5.0
120,238,2.5
378,469,5.0
274,217,5.0
158,313,3.5
208,301,4.0
16,106,5.0
303,275,5.0
341,121,5.0
45,346,5.0
168,155,5.0
328,308,5.0
58,145,4.0
290,313,5.0
231,14,5.0
307,92,2.0
175,420,4.5
98,2,4.0
311,272,3.0
140,119,4.5
263,381,5.0
338,403,3.5
28,358,3.0
356,348,5.0
39,239,5.0
58,213,4.0
3,198,4.5
329,139,4.5
348,59,4.0
331,271,4.5
387,389,5.0
27,53,4.0
130,452,5.0
371,337,3.0
335,262,2.5
1,103,5.0
397,24,3.0
28,480,4.5
80,212,4.5
22,229,5.0
105,16,4.5
277,17,4.5
34,233,3.0
77,271,3.0
213,282,3.0
395,152,5.0
270,168,5.0
16,339,5.0
235,76,4.5
338,297,5.0
290,95,4.5
240,324,3.5
39,215,4.5
217,480,4.5
58,369,4.5
198,440,3.0
242,208,4.0
8,286,2.0
69,431,1.5
320,62,4.0
326,388,5.0
216,100,4.5
136,144,3.5
167,412,4.5
323,334,3.0
130,172,5.0
349,421,5.0
4,42,3.0
377,383,4.0
339,477,4.5
153,84,4.5
192,111,4.0
10,300,2.5
80,490,3.5
187,128,1.0
283,466,3.5
232,208,5.0
361,31,3.5
193,333,5.0
1,68,5.0
151,125,4.0
69,433,5.0
354,158,2.0
182,114,5.0
218,131,4.5
41,359,4.5
226,405,4.0
143,348,1.5
125,448,4.0
360,140,5.0
262,280,3.0
181,448,5.0
232,256,3.5
190,142,5.0
205,211,3.0
102,492,3.0
220,20,4.0
238,310,5.0
271,209,3.5
38,67,4.0
159,291,5.0
342,464,3.0
384,26,5.0
96,310,4.5
95,85,5.0
289,318,3.0
197,214,4.0
233,486,5.0
299,209,3.0
177,194,4.5
303,466,5.0
308,337,5.0
302,469,5.0
376,281,3.5
165,385,4.5
245,443,5.0
285,264,4.0
254,231,4.5
191,470,5.0
7,155,3.0
131,269,3.0
268,486,5.0
129,459,4.5
127,49,4.0
309,271,5.0
392,307,2.5
65,207,1.0
3,460,2.5
153,26,4.5
338,358,4.0
205,76,5.0
371,383,5.0
157,380,4.5
117,437,2.0
146,375,5.0
37,112,4.0
9,105,4.5
295,254,4.0
326,432,4.5
68,17,4.5
277,223,4.5
344,197,4.0
381,403,4.5
358,70,4.0
6,169,4.5
364,333,3.0
266,94,3.5
119,16,4.5
249,219,4.0
53,319,5.0
287,464,4.5
65,469,5.0
398,280,5.0
18,333,5.0
190,206,4.5
3,44,4.0
187,126,4.5
2,230,4.5
210,52,5.0
221,293,4.0
246,79,5.0
334,469,5.0
395,149,5.0
4,159,3.5
158,252,3.5
364,84,4.0
38,337,3.5
339,317,4.0
208,50,1.0
255,251,4.5
329,87,2.5
180,32,3.5
45,388,4.5
340,92,5.0
76,356,4.0
319,382,5.0
306,370,2.5
102,265,4.5
108,236,2.0
153,375,3.0
151,437,5.0
141,434,4.0
282,312,1.0
139,253,4.0
228,384,5.0
213,444,3.0
116,162,5.0
3,355,5.0
212,165,2.5
388,312,2.5
242,323,2.0
353,286,5.0
183,46,4.0
123,493,4.5
276,304,4.0
138,181,4.0
131,19,4.5
38,286,5.0
261,1,4.0
279,380,2.5
378,414,2.5
232,134,3.5
318,201,4.5
128,309,4.5
204,25,4.5
243,2,2.0
6,301,3.5
7,368,4.0
160,61,4.5
10,390,3.5
365,280,3.0
42,412,4.5
349,108,4.5
202,394,3.0
379,375,2.0
264,191,5.0
279,284,4.0
143,322,5.0
381,11,4.5
274,277,1.0
201,165,3.0
358,174,2.5
196,145,5.0
364,308,3.5
105,370,3.5
370,214,3.0
29,478,3.0
240,154,3.5
11,258,5.0
28,391,5.0
222,250,2.0
369,495,4.5
248,497,2.0
87,22,5.0
367,61,4.5
315,48,4.5
371,422,5.0
145,444,3.5
48,103,5.0
75,416,4.0
52,50,4.0
142,284,4.0
25,176,3.0
205,124,3.0
62,58,4.5
207,17,4.0
233,409,5.0
82,76,1.5
116,308,5.0
348,4,4.0
140,187,5.0
152,246,5.0
30,443,4.5
348,396,3.0
328,459,3.5
228,385,2.0
200,382,2.5
317,294,4.0
125,296,3.5
249,412,4.0
209,68,5.0
93,128,4.0
389,296,4.0
2,187,3.5
7,71,5.0
38,379,4.5
9,67,4.0
285,465,4.0
111,465,4.0
206,25,4.0
27,202,3.5
203,203,3.5
5,190,2.0
375,272,5.0
45,332,4.5
137,429,1.0
280,301,3.0
111,301,2.0
61,85,2.0
380,122,4.5
74,187,3.0
312,135,4.0
353,103,5.0
236,388,4.0
240,357,4.5
119,440,3.0
333,423,3.0
201,22,2.0
367,274,4.0
69,442,5.0
179,470,5.0
253,479,4.0
165,132,5.0
323,303,5.0
23,164,3.5
286,493,4.5
356,147,5.0
116,264,2.5
286,9,4.5
62,368,4.5
200,179,4.5
272,109,3.5
145,391,4.0
208,81,5.0
306,407,5.0
77,64,4.5
254,27,4.0
209,195,1.0
210,53,5.0
72,159,4.5
16,230,1.0
230,443,4.5
388,216,5.0
208,9,3.0
181,410,5.0
188,259,4.0
37,192,5.0
349,3,2.5
118,348,5.0
47,217,4.5
49,162,4.0
178,270,4.0
32,192,3.0
131,155,2.5
126,303,4.0
227,291,3.5
364,193,5.0
375,382,4.0
50,349,5.0
356,481,5.0
240,299,2.0
371,236,3.0
377,41,5.0
269,327,4.5
204,223,5.0
154,434,5.0
298,110,4.0
199,454,3.0
121,100,5.0
366,311,4.5
322,344,4.5
203,281,5.0
192,352,4.0
396,96,5.0
382,356,4.0
243,411,5.0
278,136,3.5
4,413,4.5
289,96,3.0
309,185,4.0
124,112,3.0
74,354,5.0
358,246,3.5
350,69,3.5
208,149,3.5
96,445,4.5
69,165,3.5
84,418,4.0
236,193,4.5
304,335,3.0
85,225,4.0
122,319,5.0
82,115,5.0
174,334,3.0
70,123,5.0
12,295,2.5
353,1,2.5
316,97,3.5
90,265,3.5
71,109,5.0
254,338,2.5
303,269,3.0
312,5,5.0
248,170,5.0
44,169,5.0
354,176,3.0
200,30,5.0
227,166,4.0
354,312,4.5
104,283,5.0
64,16,1.0
202,404,3.5
126,110,4.5
95,397,5.0
321,372,5.0
66,253,4.0
240,112,3.5
39,213,5.0
260,359,5.0
204,206,5.0
374,245,1.5
227,2,3.5
186,27,3.5
18,172,4.5
87,320,4.5
156,70,4.5
44,373,5.0
328,243,5.0
153,373,2.0
254,139,1.5
332,445,4.0
389,188,4.5
220,233,4.0
191,292,5.0
221,426,3.0
21,126,5.0
98,413,4.5
183,325,5.0
207,453,5.0
135,485,4.0
37,145,4.5
137,162,4.5
331,301,3.5
268,474,3.5
301,358,5.0
348,249,5.0
278,363,3.5
307,405,2.5
307,468,5.0
219,18,4.5
318,456,4.0
161,8,5.0
306,360,5.0
107,74,5.0
397,447,4.0
111,66,3.0
114,500,4.5
196,52,3.0
81,368,4.5
361,479,5.0
334,39,4.5
54,169,4.5
288,478,4.0
129,9,1.0
38,94,5.0
224,380,5.0
84,71,5.0
303,498,4.5
156,481,4.5
89,424,5.0
327,83,4.0
367,237,5.0
357,252,2.0
263,397,4.5
73,466,5.0
105,231,4.5
280,333,4.0
169,337,4.5
149,35,4.0
26,197,5.0
375,103,5.0
131,295,4.5
206,157,4.0
295,307,4.5
139,201,1.5
348,167,4.5
352,228,4.5
291,397,5.0
99,453,5.0
124,498,1.0
318,440,5.0
79,104,4.0
62,26,5.0
31,294,5.0
214,43,4.0
68,4,3.0
166,183,5.0
376,231,5.0
209,487,3.5
256,341,5.0
205,166,4.0
389,184,5.0
181,52,5.0
89,131,4.0
141,3,1.0
198,269,4.0
267,403,5.0
272,439,3.0
350,30,4.0
213,196,4.0
167,55,3.0
132,442,4.0
36,395,4.5
314,242,5.0
3,74,5.0
104,104,4.5
274,219,1.5
398,120,5.0
241,445,2.0
33,232,1.5
126,210,3.5
319,153,5.0
138,79,5.0
263,330,4.0
89,24,5.0
171,375,2.0
314,377,4.5
16,312,5.0
143,383,2.5
138,343,4.5
299,395,4.0
34,422,4.5
306,249,5.0
295,450,4.5
140,173,5.0
285,138,3.0
186,200,4.5
270,7,4.0
22,238,3.5
386,395,4.0
354,252,4.0
261,499,5.0
294,165,4.5
328,489,3.5
129,347,1.5
173,300,5.0
390,281,2.0
337,222,1.0
368,316,3.5
76,334,5.0
23,411,3.5
47,182,5.0
308,500,5.0
171,267,3.5
9,240,3.0
160,79,2.0
50,289,5.0
341,236,4.0
273,224,4.0
313,188,5.0
59,337,4.0
263,461,4.0
137,466,5.0
370,82,3.5
257,268,5.0
67,430,4.5
329,267,5.0
357,264,5.0
142,55,4.5
82,126,4.5
113,87,5.0
220,16,5.0
185,370,4.5
367,319,5.0
85,236,4.0
247,150,5.0
108,51,5.0
228,99,5.0
197,207,3.0
303,110,4.5
329,469,5.0
191,48,5.0
272,473,5.0
392,47,4.0
257,77,4.0
76,454,4.0
186,421,4.0
160,213,4.5
304,429,1.5
216,476,3.0
69,236,5.0
113,335,4.0
231,320,4.5
297,14,5.0
88,117,4.0
294,29,2.0
391,220,4.0
140,447,5.0
278,322,4.5
29,344,5.0
144,415,4.0
229,298,4.0
133,37,4.5
228,216,4.5
161,104,4.5
40,420,5.0
279,277,4.5
21,432,4.0
108,237,4.5
181,299,2.5
253,309,2.0
298,155,4.0
312,391,5.0
200,86,4.0
282,108,4.5
282,263,4.0
106,269,1.5
80,492,1.5
246,205,2.5
122,304,4.0
56,93,3.0
324,403,4.5
15,324,5.0
378,46,4.5
280,52,3.0
291,332,5.0
268,330,4.0
336,402,5.0
262,393,3.0
14,333,5.0
4,469,4.0
367,390,5.0
306,19,5.0
25,233,4.5
113,247,5.0
302,285,3.0
284,311,5.0
115,141,5.0
262,340,5.0
224,339,4.0
233,472,2.0
366,162,2.0
252,168,4.0
315,212,5.0
374,443,3.5
98,174,4.0
229,7,5.0
227,121,5.0
393,88,5.0
337,461,5.0
52,166,4.0
324,22,5.0
394,163,4.0
17,184,3.0
48,269,4.0
309,346,5.0
114,265,3.5
144,135,2.0
189,261,4.5
54,498,2.5
33,158,5.0
27,334,5.0
53,386,3.0
117,332,5.0
26,102,4.0
228,59,4.0
385,202,5.0
398,274,4.5
381,20,4.5
225,450,5.0
317,229,4.5
73,119,4.5
155,412,5.0
137,183,4.0
150,135,4.0
243,295,5.0
13,469,5.0
119,420,5.0
372,439,4.0
153,417,1.5
222,112,5.0
314,164,4.0
389,256,4.5
107,445,3.0
299,484,4.5
232,362,5.0
308,466,5.0
76,340,4.0
54,261,4.0
287,397,5.0
364,20,3.0
46,170,4.5
362,339,4.0
84,421,3.5
90,154,2.5
378,191,2.5
178,321,5.0
276,127,4.5
200,13,5.0
107,154,4.0
197,434,4.0
131,200,3.0
63,177,5.0
294,183,4.5
333,43,5.0
250,138,5.0
313,59,4.0
227,2,4.0
83,460,3.0
263,341,2.5
290,283,2.5
147,457,5.0
117,404,5.0
141,342,4.0
358,456,2.0
303,131,5.0
105,356,4.5
231,148,1.5
66,303,5.0
65,275,4.0
341,327,5.0
104,395,5.0
78,218,5.0
325,179,5.0
384,16,4.5
331,300,4.0
96,60,4.5
97,213,4.0
236,64,4.5
194,213,4.0
40,1,3.0
161,383,4.0
124,143,3.0
17,69,5.0
66,69,5.0
113,138,4.5
279,21,2.5
107,372,4.0
217,284,3.5
216,250,4.0
380,9,2.5
232,315,2.5
77,326,4.0
207,62,3.5
14,316,3.0
126,398,5.0
33,235,4.0
203,465,4.0
158,72,5.0
193,417,2.0
282,197,3.5
385,66,4.0
35,291,4.5
385,183,5.0
330,196,5.0
325,172,4.0
389,81,4.5
249,351,4.0
135,416,2.5
312,24,1.5
281,166,1.0
92,381,5.0
176,33,5.0
107,426,5.0
139,400,3.5
350,131,5.0
205,247,3.0
274,467,4.5
294,1,4.0
387,124,5.0
34,130,5.0
142,194,5.0
357,43,4.0
247,150,4.5
102,77,4.0
59,134,5.0
302,235,4.5
239,302,5.0
110,33,3.0
353,5,3.5
299,165,3.5
226,254,4.5
218,49,4.5
27,358,4.5
192,258,2.0
52,371,5.0
246,495,3.5
160,106,4.5
167,48,5.0
129,118,4.0
274,212,3.0
54,484,5.0
249,409,4.5
281,234,3.0
315,344,4.0
269,164,4.0
66,170,5.0
28,209,4.5
334,429,1.0
220,421,4.5
102,126,5.0
370,37,4.0
135,92,5.0
101,7,4.0
28,95,3.5
95,491,4.5
172,332,5.0
172,466,5.0
346,168,5.0
71,87,3.5
49,50,3.5
79,14,4.0
246,19,3.0
39,132,4.0
302,290,3.0
49,441,4.0
128,106,5.0
266,73,3.0
70,143,2.0
164,119,5.0
301,67,3.0
91,25,4.0
72,336,1.5
340,379,4.5
24,436,2.5
389,107,3.5
158,108,3.5
52,99,3.5
90,187,3.0
194,490,5.0
110,82,3.5
307,131,4.0
211,348,3.5
65,111,4.0
257,205,4.0
153,313,4.0
3,89,3.5
263,221,4.0
138,90,5.0
374,415,4.5
183,127,4.0
233,326,4.5
321,464,5.0
125,142,4.5
282,327,4.5
91,319,4.0
119,183,4.0
397,48,4.0
91,197,5.0
207,190,5.0
289,434,2.5
250,392,5.0
81,190,5.0
328,262,2.0
214,214,4.0
137,243,5.0
190,113,3.5
298,358,4.0
148,450,4.0
139,473,5.0
223,369,4.0
120,174,3.5
298,358,5.0
209,66,5.0
393,296,4.5
174,383,3.5
149,104,5.0
363,387,5.0
253,473,4.5
153,53,4.0
42,81,4.5
331,358,5.0
101,382,4.5
115,166,3.5
338,147,4.0
169,257,5.0
127,343,4.5
212,402,3.0
375,276,3.0
290,241,4.5
122,316,4.5
389,280,5.0
40,213,2.5
115,345,5.0
43,52,4.0
264,336,3.5
237,46,1.5
12,255,5.0
243,67,4.0
242,354,3.0
396,3,5.0
141,275,4.5
247,491,4.5
365,10,4.5
72,198,5.0
294,107,3.0
63,147,4.0
101,304,5.0
396,227,4.0
166,329,3.5
74,384,4.5
325,85,4.0
360,152,4.0
208,106,5.0
98,307,3.0
72,384,5.0
302,323,5.0
6,111,4.0
294,135,4.5
341,41,5.0
57,93,4.5
360,467,4.0
150,291,4.0
318,210,4.0
345,14,4.0
282,115,3.5
113,308,3.0
54,490,4.0
87,180,5.0
293,15,3.0
398,368,3.5
309,140,5.0
18,390,5.0
100,116,3.5
140,111,4.0
341,215,5.0
337,410,3.5
352,141,4.5
52,145,2.0
289,280,5.0
136,46,5.0
37,443,4.0
308,111,2.0
129,466,4.5
54,206,1.0
145,297,4.5
303,340,4.5
396,13,2.0
160,336,5.0
83,458,5.0
78,272,4.5
214,437,4.0
61,207,5.0
17,383,5.0
318,309,2.0
150,74,3.0
395,103,3.5
381,479,4.0
284,134,5.0
31,108,4.0
39,218,2.0
245,290,5.0
50,249,5.0
303,52,3.5
279,196,2.0
166,404,4.0
360,453,2.5
254,60,3.5
70,401,5.0
299,350,4.0
9,70,4.0
238,343,5.0
83,497,5.0
285,412,4.5
149,48,3.0
274,236,5.0
154,163,3.0
249,479,5.0
396,476,4.5
224,244,5.0
189,252,4.0
220,97,4.5
123,284,5.0
41,20,5.0
256,155,4.5
57,337,5.0
63,401,4.5
147,87,3.5
78,61,4.0
25,39,5.0
43,472,4.0
170,27,4.0
340,222,5.0
95,199,2.5
281,130,5.0
173,86,5.0
90,388,4.5
379,160,5.0
2,72,4.5
145,250,5.0
34,479,5.0
299,278,4.5
315,142,4.5
184,219,4.0
145,260,4.5
307,114,5.0
16,190,3.0
322,359,5.0
222,232,4.0
340,470,4.0
188,187,5.0
152,454,3.0
95,230,4.5
45,234,3.0
207,69,5.0
186,208,4.0
133,196,5.0
244,12,4.5
43,151,5.0
335,472,3.5
114,3,5.0
194,261,4.5
216,441,3.0
21,404,5.0
228,399,5.0
3,2,5.0
211,210,4.5
31,345,3.5
389,52,4.5
275,73,1.0
209,87,3.0
369,57,3.0
338,83,3.0
74,283,3.0
90,285,3.0
7,275,3.5
168,444,3.0
99,184,5.0
303,305,4.0
1,140,2.5
372,385,4.5
232,310,5.0
117,191,5.0
53,361,3.0
127,178,4.5
397,161,3.5
400,484,4.0
75,85,5.0
272,304,3.0
4,406,5.0
149,61,4.5
341,185,5.0
285,21,4.5
238,269,3.5
66,475,4.5
38,13,5.0
53,319,3.5
365,483,4.0
155,40,4.5
389,65,5.0
262,390,5.0
336,135,3.5
285,210,5.0
148,376,5.0
66,282,2.0
44,329,4.5
285,475,4.5
12,198,3.5
177,255,5.0
287,329,5.0
13,345,5.0
238,286,4.5
60,342,3.0
114,422,4.5
372,464,5.0
129,477,5.0
123,421,5.0
306,295,1.0
170,283,4.0
177,469,4.5
191,304,4.5
358,394,1.5
389,143,3.0
378,1,5.0
309,494,4.0
327,26,5.0
184,458,3.0
312,411,4.5
8,194,2.5
25,199,4.0
236,124,3.5
388,140,4.0
23,43,4.0
74,228,4.0
115,215,4.5
36,154,4.5
283,30,3.0
113,326,1.5
144,100,4.0
205,316,4.5
328,314,5.0
152,138,4.0
397,429,4.5
93,166,5.0
5,273,3.5
95,124,5.0
129,90,3.5
263,3,5.0
141,41,4.0
65,158,3.0
170,176,3.5
204,308,3.0
274,174,4.0
145,434,5.0
15,197,3.0
256,289,5.0
8,84,3.5
189,232,2.0
391,110,3.5
74,318,5.0
346,308,4.0
93,477,3.5
43,165,4.5
72,269,4.0
24,144,1.5
72,310,4.0
95,464,5.0
317,308,2.5
81,51,4.5
81,308,3.0
68,14,4.0
209,238,4.5
394,91,5.0
184,351,3.5
91,461,4.0
310,108,4.0
3,203,3.5
65,420,4.0
17,498,3.5
119,301,3.0
24,155,4.5
184,4,3.0
24,215,2.5
300,25,3.0
123,330,3.5
192,317,3.5
310,250,2.5
32,2,2.0
12,95,5.0
332,175,4.0
193,75,3.0
175,193,5.0
347,144,5.0
33,264,5.0
182,497,4.5
2,373,4.0
319,416,5.0
117,1,3.5
400,177,5.0
112,70,5.0
43,493,4.0
322,240,4.0
274,394,2.5
170,193,3.5
376,148,5.0
228,7,5.0
61,315,4.0
388,181,3.5
315,359,5.0
42,344,4.0
256,220,5.0
365,220,4.0
177,91,4.5
332,459,5.0
35,65,1.5
295,82,4.5
359,332,4.0
281,29,4.0
38,409,5.0
31,80,3.0
36,346,3.0
245,321,4.5
227,13,4.0
245,324,4.0
172,126,3.0
102,351,4.5
277,183,4.5
37,445,3.0
326,265,5.0
332,263,4.0
113,467,4.5
43,147,5.0
311,160,3.0
21,15,5.0
126,233,5.0
396,466,3.5
386,276,4.5
357,77,5.0
360,358,2.5
74,133,4.0
307,338,4.5
195,195,4.5
65,498,4.0
275,366,3.5
252,338,4.5
350,255,4.0
292,37,5.0
175,459,3.5
269,72,2.0
51,399,3.5
16,418,4.0
181,84,5.0
202,150,3.0
228,444,5.0
113,447,5.0
33,413,3.0
94,144,4.0
177,113,5.0
128,251,5.0
188,345,4.0
385,198,4.5
211,134,4.5
262,151,4.5
82,85,3.5
296,148,5.0
62,12,4.0
321,71,4.0
212,297,3.0
291,215,4.0
274,476,4.0
57,74,5.0
28,444,4.0
65,385,4.0
214,365,4.5
306,484,3.5
164,360,1.5
226,300,5.0
132,351,5.0
71,38,3.0
57,155,4.0
337,191,5.0
96,76,5.0
150,458,4.5
282,439,5.0
359,343,5.0
4,147,5.0
253,371,4.5
71,192,3.0
267,150,5.0
27,235,1.5
118,333,4.5
69,48,4.0
285,349,5.0
74,397,3.5
228,331,5.0
80,356,2.0
291,358,5.0
163,33,5.0
203,250,4.0
374,228,1.0
101,209,4.5
344,72,5.0
267,219,3.5
58,35,5.0
78,14,5.0
26,457,5.0
347,266,4.0
138,65,4.0
130,396,5.0
279,105,3.5
386,109,4.0
232,346,4.5
12,485,5.0
86,481,5.0
277,310,4.0
371,379,4.5
358,106,4.0
172,328,4.5
311,470,3.5
223,449,5.0
69,13,4.5
190,470,4.0
291,367,5.0
59,444,3.0
134,319,4.0
48,465,4.5
111,192,2.0
335,497,5.0
1,40,3.0
170,150,4.0
244,177,5.0
272,367,5.0
363,329,2.0
25,111,5.0
376,261,4.5
388,373,5.0
147,131,4.5
32,145,2.0
124,33,4.0
198,458,4.5
39,352,3.5
170,98,4.5
336,53,3.5
331,112,4.0
235,164,4.0
26,101,2.0
328,7,3.0
207,265,5.0
196,145,4.0
250,431,5.0
282,135,2.0
312,20,3.0
237,405,5.0
53,208,5.0
270,356,4.5
361,105,4.0
53,224,2.5
188,265,5.0
218,410,4.5
217,58,2.5
293,241,5.0
198,225,4.0
377,365,4.5
340,102,3.0
34,244,5.0
369,165,5.0
171,497,5.0
107,192,3.0
183,330,4.5
302,179,4.0
226,362,3.0
190,127,4.0
123,127,4.5
304,395,5.0
84,145,3.0
205,338,3.0
240,464,5.0
247,172,4.5
35,349,4.0
138,476,4.0
281,249,4.5
107,3,5.0
398,104,1.0
264,175,3.5
237,92,4.0
197,221,4.5
332,114,3.5
36,327,4.0
379,364,2.0
164,65,5.0
190,484,4.0
55,496,3.5
279,240,5.0
4,275,5.0
242,65,5.0
5,328,4.0
115,285,5.0
86,487,4.0
244,241,4.0
383,487,5.0
62,450,5.0
150,72,4.0
355,376,4.0
259,472,4.0
1,400,4.5
5,227,5.0
75,38,2.0
73,367,5.0
73,100,4.0
149,251,3.5
348,494,2.0
379,338,4.0
355,340,4.0
241,49,5.0
365,463,4.0
62,348,4.5
324,244,3.0
187,364,4.5
180,396,4.0
395,234,4.0
21,311,4.5
349,194,4.5
121,100,3.5
137,9,1.5
366,188,3.0
145,484,3.0
346,195,5.0
187,101,5.0
320,103,5.0
94,66,5.0
297,39,5.0
125,320,5.0
235,11,4.0
146,245,4.5
216,26,5.0
172,253,5.0
301,59,2.5
169,20,5.0
50,23,2.5
363,425,5.0
215,5,1.5
17,69,4.0
287,293,5.0
343,134,5.0
173,307,4.0
285,471,5.0
113,164,3.5
257,366,3.5
252,458,2.5
96,56,3.5
207,242,4.5
130,197,3.5
364,259,5.0
325,199,5.0
348,426,3.5
80,12,5.0
47,483,5.0
254,355,3.0
337,209,4.0
75,399,4.5
159,202,4.5
136,440,5.0
86,369,4.5
66,149,1.0
18,353,5.0
346,337,3.0
280,201,4.5
45,156,4.5
194,405,1.5
45,302,1.5
393,174,3.5
74,254,5.0
206,489,4.5
374,30,5.0
357,372,3.5
121,164,5.0
336,466,3.5
307,365,5.0
103,416,1.0
30,30,5.0
302,27,4.5
305,302,3.5
284,228,4.5
373,2,5.0
159,438,5.0
23,89,4.5
119,172,5.0
143,34,4.0
308,388,3.0
350,26,4.5
118,26,5.0
362,113,4.5
214,218,2.5
395,214,4.0
274,470,4.5
263,404,5.0
72,71,4.5
220,267,2.5
390,293,4.0
235,458,5.0
132,394,4.0
2,447,4.0
368,113,2.5
46,19,5.0
349,281,5.0
346,400,5.0
5,442,4.5
255,477,3.5
230,317,4.5
72,49,4.5
64,383,4.0
342,217,4.5
243,209,5.0
183,332,1.5
373,54,4.0
249,219,4.0
51,261,4.5
204,446,5.0
337,272,4.5
111,210,5.0
222,279,4.5
341,342,4.0
45,374,4.5
398,401,4.5
236,474,4.0
304,82,3.0
222,223,4.0
354,264,1.0
359,353,3.5
330,204,2.5
203,419,4.0
96,282,5.0
309,347,5.0
276,496,4.5
238,150,4.5
124,414,4.0
275,55,3.0
175,319,4.0
239,78,4.0
309,429,4.5
152,13,4.5
97,468,4.5
380,273,1.5
16,474,2.5
364,482,5.0
64,396,4.0
400,199,4.0
283,299,3.0
36,489,5.0
303,491,5.0
181,445,4.0
48,274,4.5
42,332,3.0
158,270,4.0
29,447,4.5
397,23,1.0
309,95,3.5
305,361,4.5
268,486,4.0
252,179,4.5
26,321,3.5
9,397,3.0
101,10,3.0
375,450,3.0
325,7,2.0
260,201,5.0
19,253,3.5
293,387,5.0
206,339,4.5
177,77,5.0
83,117,5.0
209,310,3.5
61,325,4.5
197,87,5.0
7,401,5.0
328,101,1.5
70,416,3.5
89,464,4.0
364,217,3.0
360,413,4.5
187,123,4.0
377,326,3.5
13,358,5.0
254,453,5.0
48,414,4.5
142,157,4.0
340,493,4.5
209,348,5.0
254,131,2.0
195,278,5.0
107,186,4.5
130,482,4.0
131,170,5.0
144,195,4.5
282,500,4.5
215,182,5.0
264,102,4.5
138,260,3.5
152,288,5.0
118,339,5.0
181,336,4.5
220,323,3.0
214,427,4.5
223,201,5.0
266,161,3.5
16,441,4.5
236,243,4.0
242,3,5.0
312,149,3.5
396,453,4.5
395,412,4.5
112,337,5.0
129,154,3.5
374,221,5.0
354,173,5.0
17,183,1.5
371,405,4.0
31,185,5.0
17,306,3.0
138,206,4.0
376,422,1.0
235,101,3.5
389,309,5.0
291,24,5.0
229,117,5.0
251,465,3.0
303,162,3.5
177,342,4.5
352,3,3.5
15,33,4.0
172,287,5.0
57,182,2.0
68,353,5.0
3,154,5.0
12,337,3.0
288,49,4.0
176,117,5.0
72,466,4.0
136,396,5.0
345,351,3.5
115,385,4.5
389,170,3.0
370,372,5.0
58,73,3.5
181,295,1.5
86,206,4.0
236,419,3.5
283,223,5.0
195,464,3.0
342,177,3.0
27,269,4.0
115,271,3.0
367,347,4.0
150,176,5.0
133,324,5.0
21,409,4.5
321,42,4.5
166,49,2.5
341,462,5.0
177,425,4.0
387,351,3.5
233,358,1.5
392,214,3.0
96,279,5.0
213,234,3.5
227,129,4.0
72,434,2.5
163,426,4.0
217,369,5.0
383,86,5.0
132,453,3.0
386,218,1.5
132,270,3.0
336,227,4.0
8,302,4.5
31,218,4.5
43,309,5.0
124,11,5.0
121,473,4.5
173,487,2.5
382,253,5.0
160,172,2.0
169,370,4.5
303,277,3.0
65,469,4.5
371,215,4.0
347,412,3.0
89,488,5.0
144,401,3.5
398,272,5.0
272,491,2.0
258,177,5.0
47,337,4.0
78,30,3.0
312,418,3.5
153,188,2.0
348,75,4.5
370,122,3.0
131,68,4.0
393,190,4.0
239,95,4.5
33,57,5.0
150,303,1.5
147,322,3.5
44,267,5.0
104,332,4.0
224,453,4.5
116,469,5.0
20,352,4.5
81,341,5.0
248,248,3.0
329,55,4.0
209,76,5.0
59,486,4.5
240,310,3.0
174,415,2.0
232,110,5.0
261,58,5.0
73,351,4.5
381,28,5.0
251,118,5.0
80,81,3.0
282,127,4.0
39,403,4.0
112,348,4.0
399,248,3.0
14,184,3.0
264,350,4.0
1,227,4.5
178,436,4.5
317,431,5.0
192,443,3.5
131,141,4.0
6,415,5.0
4,68,5.0
194,381,5.0
125,287,4.5
314,18,5.0
382,482,4.0
178,451,2.0
305,162,4.5
232,390,4.0
122,333,5.0
140,5,4.5
369,404,3.5
209,351,5.0
348,179,4.0
36,275,5.0
75,123,5.0
278,259,2.5
39,455,3.5
282,341,3.0
89,37,2.0
385,161,3.0
126,144,4.0
52,280,4.0
77,2,3.0
275,337,4.5
186,408,3.5
17,395,4.5
101,351,5.0
386,345,4.0
63,371,5.0
211,114,4.0
5,122,4.5
347,342,5.0
333,481,5.0
126,378,4.0
7,239,5.0
304,362,4.0
249,220,4.0
24,22,1.5
67,42,3.5
368,52,5.0
243,468,1.0
59,223,3.5
288,187,5.0
15,407,4.5
273,430,4.5
54,93,3.5
4,271,4.0
392,57,5.0
300,386,2.5
136,409,4.5
186,133,5.0
216,311,4.0
316,203,4.0
200,422,3.0
96,233,4.0
41,121,4.0
376,351,5.0
353,387,4.5
257,213,5.0
218,124,4.5
206,55,3.0
206,392,5.0
398,226,4.5
13,191,4.0
107,235,3.0
279,434,5.0
245,383,3.5
24,85,5.0
112,352,4.5
368,390,5.0
342,195,5.0
155,153,5.0
196,91,4.5
105,373,3.5
152,488,5.0
37,413,4.0
399,50,5.0
90,321,4.5
192,96,4.0
117,58,4.5
273,378,4.0
213,135,4.0
129,199,4.0
276,290,4.0
262,463,4.0
12,111,4.0
287,400,5.0
2,15,3.5
113,250,5.0
329,117,4.0
117,354,5.0
392,177,4.5
93,383,5.0
400,489,5.0
305,59,4.5
86,248,5.0
197,169,4.5
144,33,2.0
136,26,4.0
352,75,4.5
42,279,4.0
66,263,3.0
246,64,4.5
11,45,4.5
229,357,4.5
206,334,2.0
246,172,4.5
270,314,5.0
373,267,4.5
296,245,5.0
298,315,4.0
308,30,4.0
70,55,4.5
57,143,4.5
210,405,4.0
214,183,4.5
49,284,4.5
340,53,5.0
5,222,2.5
109,324,5.0
362,161,4.0
125,49,5.0
103,425,2.5
306,237,5.0
188,427,4.0
92,382,5.0
213,53,4.0
157,312,4.0
250,468,4.5
37,46,4.5
109,270,5.0
364,303,4.5
300,28,4.0
86,358,2.0
391,107,4.5
7,256,2.5
253,179,3.0
350,357,3.0
200,114,5.0
354,100,4.0
62,411,5.0
40,241,4.5
270,169,3.5
19,387,5.0
159,353,4.5
29,125,4.0
84,308,4.0
152,191,4.5
171,258,3.5
356,216,5.0
121,349,4.5
301,281,5.0
64,79,4.0
143,376,3.5
324,79,3.0
165,398,5.0
176,55,4.0
140,36,5.0
359,379,3.0
286,451,5.0
323,379,5.0
131,427,4.5
216,460,3.0
55,420,5.0
94,362,3.0
20,63,5.0
203,120,4.5
134,184,3.5
107,371,5.0
129,163,3.5
161,200,3.5
27,309,3.5
396,411,4.0
205,267,4.5
173,397,5.0
24,334,4.5
357,339,4.0
297,276,4.0
323,143,5.0
17,288,5.0
313,310,5.0
360,56,4.0
326,398,5.0
169,334,5.0
48,215,4.0
33,35,5.0
111,494,4.5
99,479,4.0
15,245,5.0
62,246,4.5
362,151,5.0
362,471,3.0
68,334,3.0
88,377,5.0
139,49,5.0
269,451,5.0
370,118,5.0
32,211,4.5
126,95,5.0
223,161,4.0
8,49,5.0
52,333,5.0
149,138,3.0
390,498,4.5
139,80,4.5
343,16,3.0
144,126,5.0
387,189,1.0
308,158,4.0
180,360,5.0
47,61,4.5
264,219,4.5
173,214,5.0
5,314,5.0
146,53,4.0
180,99,4.5
318,362,2.5
99,240,2.0
160,426,4.5
154,430,4.0
48,351,4.5
29,261,5.0
92,198,5.0
342,462,5.0
37,14,4.5
163,197,4.0
137,93,5.0
304,90,2.0
90,124,4.0
365,196,4.0
340,480,5.0
308,89,5.0
292,178,3.5
276,197,2.5
129,48,5.0
321,422,4.5
387,99,4.5
9,428,4.5
119,402,5.0
65,144,4.5
77,151,1.0
218,345,3.0
382,97,3.5
98,104,5.0
346,265,4.5
118,488,3.5
107,242,4.0
378,270,4.0
314,131,5.0
260,223,5.0
186,416,3.5
146,128,5.0
91,197,5.0
69,284,4.0
11,231,3.5
175,421,5.0
296,442,4.0
389,437,4.5
268,414,4.5
192,312,3.5
246,432,4.5
5,128,4.5
310,448,5.0
146,168,3.5
308,50,5.0
241,208,4.0
133,235,3.0
282,268,3.5
20,391,4.5
302,175,3.5
282,261,5.0
109,479,3.5
146,379,5.0
331,206,4.5
265,493,4.0
231,302,4.5
297,133,4.0
210,359,3.0
359,437,5.0
12,447,5.0
222,300,2.0
134,319,4.0
43,42,1.5
389,111,5.0
134,408,5.0
367,478,5.0
53,173,4.0
184,215,4.0
167,1,4.5
40,278,5.0
217,484,1.5
50,197,4.5
150,134,4.5
371,350,3.0
146,356,3.5
189,313,5.0
223,295,4.5
10,453,5.0
143,166,5.0
9,331,4.0
210,210,5.0
296,405,5.0
249,176,4.0
70,423,5.0
136,462,3.0
288,223,2.5
360,275,4.5
170,411,4.0
154,491,2.0
67,170,2.0
350,440,3.5
166,447,5.0
252,220,5.0
387,193,5.0
155,264,5.0
37,323,4.0
388,128,4.5
148,294,3.5
384,209,5.0
27,344,4.0
166,263,4.0
10,369,5.0
12,395,2.5
392,73,4.0
296,194,4.5
44,496,5.0
333,107,1.0
151,330,5.0
189,76,5.0
363,251,4.0
269,193,5.0
25,457,3.5
168,213,3.0
100,383,4.0
130,156,5.0
109,322,4.5
207,261,5.0
194,383,5.0
126,120,3.0
37,346,5.0
101,114,4.0
348,216,2.5
366,432,5.0
25,230,5.0
64,454,4.0
144,444,4.0
237,454,4.0
346,212,5.0
199,126,5.0
228,276,4.0
22,261,4.5
284,469,5.0
251,417,4.5
254,495,5.0
192,314,3.5
147,333,3.5
147,430,4.5
172,71,4.5
98,229,5.0
130,450,5.0
15,493,5.0
123,244,4.0
215,286,4.0
13,136,5.0
12,491,5.0
216,240,4.0
158,306,4.0
103,153,2.5
163,387,4.0
107,334,5.0
31,319,4.5
17,330,5.0
293,436,3.5
18,408,4.0
204,183,5.0
77,124,5.0
370,135,4.0
269,491,5.0
336,337,4.0
126,176,5.0
103,443,4.5
211,221,5.0
324,350,5.0
344,391,1.0
19,134,4.0
293,378,2.5
31,377,3.5
158,300,5.0
341,186,5.0
40,41,4.5
392,307,4.5
303,377,4.0
161,42,2.5
53,350,5.0
258,111,5.0
230,404,5.0
206,219,2.5
374,157,4.0
218,473,2.5
330,392,4.5
262,250,4.5
144,369,4.0
299,211,4.0
334,440,5.0
197,281,5.0
363,315,1.0
191,365,3.0
207,176,5.0
301,192,1.5
329,317,2.5
368,85,5.0
355,119,1.0
93,295,5.0
255,217,5.0
9,162,3.5
247,349,3.5
274,217,3.0
80,35,3.5
182,35,3.5
46,273,4.0
17,158,4.5
231,445,3.5
283,303,5.0
130,233,5.0
257,174,3.0
234,154,5.0
66,2,3.0
311,135,3.5
9,477,5.0
345,86,5.0
116,401,4.5
331,116,5.0
43,276,5.0
350,359,5.0
209,212,4.0
255,246,4.0
105,47,5.0
188,40,4.5
97,5,3.0
264,192,3.5
215,396,4.0
41,179,3.5
319,480,4.5
276,187,4.5
356,61,4.5
309,168,4.0
319,414,4.5
296,268,4.0
347,407,5.0
88,498,5.0
193,170,4.0
266,430,5.0
57,193,4.0
389,318,3.0
276,106,5.0
50,301,3.5
273,391,5.0
47,281,5.0
392,22,5.0
101,492,4.5
133,444,4.0
133,66,5.0
89,160,5.0
53,353,4.5
190,295,4.0
124,391,5.0
301,377,5.0
89,33,4.5
80,242,5.0
152,47,5.0
152,371,4.0
101,128,2.5
329,183,4.0
28,488,2.0
115,20,3.0
158,152,1.0
226,273,2.5
365,52,5.0
316,455,5.0
185,315,4.5
340,394,4.0
234,209,5.0
363,222,3.5
157,167,5.0
156,62,5.0
380,499,3.0
303,51,3.0
315,440,5.0
137,175,3.0
214,158,5.0
317,470,5.0
53,12,4.0
54,470,5.0
196,329,4.0
316,48,1.5
386,455,5.0
360,373,4.5
68,82,4.5
69,410,5.0
208,275,3.0
258,474,3.0
352,43,4.5
256,183,5.0
206,88,4.5
196,428,4.5
399,196,5.0
16,271,3.5
139,255,4.5
363,45,5.0
6,177,4.5
72,339,5.0
325,473,5.0
325,181,4.5
390,68,4.5
234,26,5.0
81,75,1.5
331,339,4.0
137,287,4.0
253,377,3.0
98,285,4.0
63,75,4.5
46,152,4.0
368,416,2.0
347,263,5.0
329,12,5.0
76,468,4.5
265,205,1.0
195,23,3.5
15,89,5.0
94,135,1.0
184,434,4.0
245,135,4.0
205,355,5.0
175,22,5.0
12,132,5.0
325,258,5.0
300,259,4.0
201,494,5.0
105,19,2.5
200,169,4.5
182,221,5.0
113,264,4.5
272,261,5.0
227,373,5.0
178,218,5.0
315,320,5.0
38,106,4.0
27,214,4.5
71,432,4.5
46,51,5.0
100,285,4.0
144,247,5.0
142,341,5.0
41,386,4.5
8,110,4.5
107,169,3.0
370,374,3.5
267,301,5.0
392,166,5.0
287,87,5.0
292,149,4.0
302,365,5.0
133,236,5.0
375,25,5.0
120,158,4.0
288,123,4.5
48,491,5.0
243,111,4.5
289,170,5.0
65,337,5.0
253,5,5.0
131,443,4.5
265,207,5.0
271,384,5.0
170,195,5.0
77,304,5.0
189,397,4.5
340,274,4.5
82,270,5.0
368,275,5.0
390,392,3.0
112,79,3.5
108,22,4.0
262,264,4.0
275,373,4.0
217,249,5.0
328,254,4.5
313,486,4.0
166,411,4.5
246,499,3.5
144,295,4.0
295,244,4.0
41,119,4.0
103,42,5.0
166,460,4.0
364,169,4.5
82,473,4.5
319,251,3.5
363,235,5.0
45,496,5.0
362,326,4.0
270,198,5.0
81,220,4.0
390,62,5.0
334,61,5.0
317,253,4.0
172,115,3.5
209,183,5.0
37,393,4.0
329,224,4.0
58,314,4.0
272,307,4.0
370,5,5.0
26,290,5.0
180,378,4.5
95,32,5.0
203,402,3.0
20,44,5.0
168,295,4.0
328,80,3.0
144,75,3.0
144,389,4.5
382,111,4.0
340,308,3.0
196,211,4.5
291,322,4.5
131,224,4.5
26,489,2.5
325,448,4.5
18,141,1.0
105,101,5.0
284,3,2.5
171,446,3.5
383,124,4.0
270,205,4.0
383,249,3.0
178,168,3.5
214,451,1.0
126,300,3.0
202,21,4.5
224,249,5.0
383,423,5.0
325,359,3.0
70,25,4.5
384,106,4.0
357,437,5.0
320,294,2.0
307,354,3.0
272,421,5.0
210,228,5.0
350,79,5.0
187,378,2.0
44,451,5.0
183,497,4.0
333,430,4.5
286,126,5.0
345,255,4.0
164,282,3.0
82,198,3.0
134,112,5.0
190,204,4.0
263,137,3.5
203,2,4.0
313,398,5.0
247,426,4.0
342,401,5.0
357,292,5.0
311,259,2.5
248,192,4.0
79,294,5.0
142,154,2.5
158,310,5.0
174,106,4.5
220,470,3.5
278,92,4.5
345,390,3.5
400,330,4.0
293,244,3.5
228,223,4.0
400,164,4.5
19,247,1.5
167,156,5.0
135,333,5.0
108,327,5.0
114,393,4.0
242,337,4.5
173,441,4.0
289,90,5.0
372,2,5.0
137,394,4.5
28,250,4.0
356,124,4.0
58,178,3.5
304,238,4.0
27,340,2.0
64,487,4.0
130,237,4.0
118,393,3.5
135,124,4.5
338,135,5.0
248,69,3.0
188,240,5.0
173,206,3.5
115,176,3.5
375,325,4.5
49,202,4.5
333,192,4.0
318,341,4.0
122,441,3.0
188,495,4.0
283,10,5.0
346,384,4.5
177,249,5.0
155,427,4.5
257,51,4.5
207,23,3.0
272,396,5.0
322,328,3.0
100,211,3.0
110,380,5.0
327,155,4.0
154,10,4.0
129,206,5.0
228,325,5.0
131,374,5.0
343,303,4.5
356,126,5.0
64,285,4.0
164,293,4.0
22,266,5.0
256,481,3.5
366,393,4.0
63,237,1.5
312,423,4.0
10,40,4.0
316,348,1.5
21,389,3.0
384,19,5.0
236,294,5.0
139,295,2.0
279,222,5.0
92,484,4.5
161,349,3.0
361,80,3.0
187,297,5.0
122,341,4.5
300,218,4.0
347,128,4.0
102,405,4.0
123,189,5.0
183,361,4.5
209,24,4.5
233,66,3.0
276,110,3.5
44,496,3.5
177,420,3.0
100,314,1.0
140,98,2.0
240,467,5.0
85,253,4.5
315,117,4.0
345,473,3.5
246,365,5.0
291,212,4.0
33,487,5.0
267,494,1.5
361,394,5.0
342,6,4.5
234,345,5.0
187,397,4.5
187,288,5.0
200,423,1.5
90,499,5.0
93,486,5.0
213,122,5.0
242,415,4.5
136,363,5.0
35,73,5.0
391,268,4.0
299,54,2.5
65,345,3.0
101,408,5.0
39,136,4.5
86,166,5.0
194,43,5.0
300,251,5.0
280,291,5.0
76,432,4.0
317,443,4.0
389,389,4.0
136,323,4.5
194,469,4.0
110,93,4.0
163,144,3.5
40,57,4.5
396,353,4.5
392,464,5.0
44,110,4.0
231,97,4.5
10,352,4.0
30,106,4.5
332,330,4.5
354,304,3.5
370,220,4.5
400,52,4.5
144,442,4.5
42,134,4.0
69,85,1.5
39,134,4.5
125,102,3.5
137,500,2.0
50,57,3.0
87,278,3.5
200,6,3.5
261,247,5.0
203,472,4.0
248,24,5.0
6,216,4.5
248,223,3.0
279,122,5.0
194,74,5.0
192,2,4.0
335,248,5.0
34,326,4.0
49,256,3.0
145,280,4.5
265,203,4.5
337,154,3.0
200,417,4.5
23,116,5.0
344,83,4.0
153,336,4.0
206,132,4.5
240,153,3.0
314,43,4.0
166,368,5.0
386,119,4.5
11,199,5.0
129,408,5.0
17,495,4.5
364,385,4.5
8,118,4.0
173,417,4.5
59,362,5.0
231,350,2.0
283,36,5.0
192,287,4.5
97,204,5.0
73,297,4.0
6,237,3.5
61,492,4.0
127,35,4.5
327,462,4.0
71,400,5.0
88,206,5.0
72,90,3.0
293,377,5.0
13,282,5.0
234,188,5.0
264,6,3.0
309,119,3.5
189,280,3.5
258,424,4.0
350,430,4.5
43,3,4.0
230,123,5.0
168,436,2.5
160,174,5.0
194,294,3.5
354,362,4.0
14,449,3.0
42,156,2.0
392,46,3.0
279,126,3.0
293,170,4.0
326,299,5.0
290,297,1.0
113,174,5.0
309,233,3.0
253,42,5.0
359,14,3.0
177,211,4.5
30,458,4.5
38,67,3.5
358,196,1.0
48,494,4.0
277,415,3.5
325,324,4.5
165,107,3.5
198,287,3.5
388,286,4.0
207,235,4.0
342,224,5.0
5,199,3.5
159,167,5.0
336,432,5.0
301,410,5.0
347,326,4.5
120,432,2.5
391,242,5.0
23,117,3.5
136,298,5.0
384,425,5.0
232,171,5.0
256,459,5.0
175,60,5.0
155,278,3.5
274,440,2.0
156,359,5.0
225,372,5.0
60,278,2.5
177,199,1.5
175,433,3.5
248,27,4.0
400,435,4.5
185,419,4.5
154,412,4.0
61,54,3.0
248,489,5.0
243,201,4.0
231,186,3.5
381,180,4.0
237,77,4.5
234,78,3.0
350,296,3.5
260,173,3.5
349,13,5.0
297,6,4.5
133,490,5.0
271,440,4.0
214,6,5.0
195,371,4.5
306,94,5.0
333,368,5.0
35,112,4.5
210,401,4.5
18,320,5.0
227,453,4.0
234,225,4.5
240,21,5.0
106,292,4.5
209,74,4.0
255,240,4.5
382,414,5.0
228,36,4.5
44,29,5.0
389,123,5.0
64,67,4.5
215,89,3.0
17,209,4.5
335,470,3.0
104,84,3.5
351,483,5.0
27,404,3.0
316,302,5.0
130,144,4.0
206,417,5.0
15,428,5.0
194,290,5.0
133,363,3.5
2,205,4.5
336,67,3.0
225,276,5.0
166,399,3.0
157,47,3.0
176,125,4.0
25,17,5.0
136,130,4.5
285,173,3.5
246,400,5.0
126,55,3.0
297,324,5.0
267,402,1.0
86,186,4.0
160,464,3.0
4,166,3.5
228,211,5.0
155,497,3.0
171,410,1.5
286,441,5.0
218,282,4.5
229,279,4.0
348,93,2.0
370,303,5.0
87,63,3.5
39,470,4.0
48,319,5.0
167,287,4.0
213,473,3.5
304,398,4.5
68,277,5.0
290,269,5.0
82,471,5.0
255,104,5.0
359,40,3.5
81,413,4.0
186,409,4.0
296,419,3.0
342,296,4.0
154,59,4.0
121,100,5.0
278,286,4.5
242,3,1.5
41,360,2.0
270,250,4.0
351,41,3.0
11,76,5.0
375,361,4.5
2,43,5.0
251,185,4.0
140,35,4.0
272,256,4.5
338,443,5.0
29,445,5.0
208,213,3.0
239,164,4.5
10,400,3.0
88,208,5.0
293,230,3.5
88,423,2.0
370,204,2.0
274,466,5.0
150,377,4.5
97,104,1.0
191,260,5.0
73,462,3.5
285,111,4.0
363,330,1.0
26,408,2.5
133,172,4.0
305,79,3.5
206,249,2.5
380,340,4.5
257,361,3.0
325,236,1.0
187,23,5.0
290,222,4.5
248,343,3.0
317,67,4.0
293,67,2.0
288,80,4.5
370,181,3.0
117,361,3.0
290,231,5.0
138,295,4.5
102,387,4.0
175,259,3.0
53,176,4.5
324,466,4.0
166,416,3.0
220,432,3.5
310,331,4.0
145,308,3.0
10,463,5.0
172,426,5.0
155,357,5.0
159,469,3.0
288,416,4.0
122,299,4.0
198,67,4.0
41,265,5.0
122,355,2.5
154,335,4.5
241,373,4.0
389,474,4.5
363,405,4.0
88,452,5.0
153,98,4.5
102,323,5.0
156,319,5.0
266,254,3.0
193,186,4.0
173,463,4.0
365,436,4.0
266,444,4.5
23,428,3.0
293,25,5.0
116,139,5.0
332,10,4.5
65,151,4.0
215,493,2.0
16,370,2.0
147,5,4.5
215,358,4.0
117,245,4.0
148,451,3.0
196,356,5.0
356,427,3.0
188,134,4.5
17,114,4.0
307,119,2.0
390,44,5.0
138,473,5.0
31,468,3.0
171,76,4.0
56,484,5.0
386,236,3.0
94,203,4.0
34,133,4.5
169,216,4.5
7,450,1.0
34,268,3.5
313,409,3.5
169,313,4.5
378,140,4.0
157,84,3.0
276,327,3.5
390,332,5.0
316,214,5.0
356,247,5.0
43,181,3.5
305,11,5.0
86,221,5.0
84,380,4.0
374,400,3.5
167,6,2.0
104,74,4.5
9,295,2.0
326,29,4.0
233,209,2.5
331,160,4.0
232,258,4.5
378,362,4.0
134,338,5.0
366,472,3.5
329,128,3.0
318,253,4.5
371,362,5.0
377,222,4.0
187,416,5.0
293,116,4.5
157,490,3.5
295,205,4.5
142,164,5.0
379,399,4.5
94,406,5.0
178,90,4.5
286,356,3.5
234,102,3.5
262,51,5.0
127,11,5.0
120,142,4.0
323,460,5.0
107,26,3.0
118,217,4.0
92,79,4.0
244,478,3.5
325,292,4.5
98,366,5.0
81,29,3.5
178,23,4.0
38,205,2.0
128,421,3.0
50,420,1.5
363,46,4.0
183,167,4.5
256,28,5.0
137,325,5.0
27,140,3.0
332,419,5.0
154,485,4.0
157,37,2.5
318,81,4.0
191,439,2.5
165,120,4.5
19,482,4.5
265,39,4.5
128,422,5.0
177,463,1.5
367,381,3.5
353,159,4.5
131,477,5.0
36,316,5.0
241,57,4.0
255,440,5.0
184,255,5.0
201,222,5.0
89,491,4.5
333,68,5.0
210,126,1.5
221,62,5.0
69,433,5.0
344,343,5.0
337,187,5.0
367,222,3.5
68,5,5.0
1,235,4.0
38,161,2.0
79,29,4.0
288,338,4.0
184,342,4.5
305,229,4.0
40,157,3.0
111,355,5.0
13,468,5.0
22,382,5.0
20,56,2.0
146,392,5.0
376,50,5.0
376,111,4.5
249,426,4.5
257,286,3.0
305,107,2.0
201,337,3.0
125,285,4.5
209,496,4.5
363,275,5.0
46,271,5.0
181,478,4.0
306,24,5.0
322,19,4.5
196,172,5.0
389,286,4.5
83,195,4.0
269,18,1.0
80,366,4.5
1,371,4.5
284,58,4.5
149,230,3.0
99,235,3.5
216,145,1.5
265,115,5.0
365,400,1.5
274,114,2.0
205,310,4.0
267,390,4.5
322,292,4.0
329,131,4.0
146,312,4.5
211,237,5.0
134,199,4.0
289,19,5.0
195,270,4.5
214,231,4.0
288,173,5.0
52,44,4.0
182,221,2.0
343,312,5.0
206,107,5.0
128,475,5.0
258,25,5.0
336,225,3.5
76,9,5.0
69,179,4.5
178,220,4.0
110,123,5.0
361,245,4.0
124,10,4.5
51,194,4.5
286,247,3.0
83,430,4.0
191,145,4.5
345,79,1.0
53,74,3.5
30,71,5.0
149,173,4.0
337,30,5.0
152,303,5.0
260,382,5.0
341,289,4.5
282,432,3.5
254,206,4.5
122,267,4.5
70,159,4.0
201,110,1.0
396,145,3.5
113,396,4.5
15,16,4.5
150,115,4.0
315,158,4.5
116,10,4.5
366,143,3.0
291,290,5.0
212,161,5.0
212,387,4.0
263,318,4.5
100,184,3.0
311,409,4.0
75,173,3.0
399,168,4.5
29,3,3.0
128,20,3.0
147,20,4.0
381,240,4.0
53,95,4.0
338,189,4.5
378,23,5.0
53,473,4.5
323,85,5.0
260,452,5.0
173,36,4.0
221,23,5.0
59,436,3.0
297,66,4.5
284,151,5.0
249,326,4.5
299,286,4.0
100,214,2.5
72,243,4.0
166,425,4.5
145,156,4.0
8,75,3.0
133,356,4.5
129,275,4.5
202,98,5.0
126,445,4.0
237,40,4.0
22,116,5.0
57,468,4.5
357,79,4.0
195,324,4.5
63,472,3.5
63,310,5.0
343,294,4.0
197,44,1.5
233,477,5.0
48,448,4.5
382,64,5.0
298,412,5.0
65,376,4.0
194,490,4.5
307,74,5.0
372,249,4.0
283,343,5.0
149,33,5.0
113,135,2.5
48,102,5.0
265,54,3.0
288,325,3.0
5,486,5.0
44,358,5.0
81,162,4.5
228,448,4.5
2,159,4.0
20,258,4.0
1,294,5.0
25,414,5.0
198,233,3.0
339,419,4.5
270,109,2.5
102,54,3.5
182,391,5.0
140,162,4.0
392,79,4.0
339,242,4.5
28,233,5.0
14,114,3.5
231,136,3.5
322,298,4.5
269,231,1.0
118,127,4.5
363,118,4.0
315,148,2.5
323,208,5.0
37,3,5.0
9,115,3.0
389,415,4.0
120,482,2.5
331,285,2.0
251,474,5.0
124,45,5.0
19,42,1.5
274,309,4.0
171,152,4.0
49,85,4.0
203,20,4.0
148,11,2.0
226,149,5.0
205,238,4.5
288,194,5.0
326,299,5.0
303,140,4.5
265,36,4.0
333,127,4.0
55,13,5.0
234,409,4.0
386,37,4.0
392,442,3.5
247,161,4.5
159,305,3.5
104,418,5.0
19,228,4.5
57,477,5.0
227,55,4.5
389,217,5.0
19,143,4.5
88,473,2.5
147,151,2.5
183,172,5.0
217,230,3.5
119,120,4.5
266,156,4.5
374,209,5.0
176,192,5.0
118,291,5.0
246,398,5.0
109,373,3.5
125,465,1.0
388,29,4.0
356,409,4.5
93,197,4.5
179,110,5.0
368,58,5.0
315,245,4.5
234,121,3.0
233,111,5.0
156,391,4.0
80,140,4.5
368,371,3.0
101,406,5.0
287,422,4.0
270,193,5.0
339,125,5.0
79,444,4.0
199,284,4.0
48,134,5.0
124,141,4.5
64,459,5.0
312,200,4.0
18,221,1.0
187,287,4.5
245,447,3.5
164,237,4.5
61,451,5.0
199,70,4.0
202,358,5.0
286,314,3.0
190,385,3.5
155,206,3.5
304,274,5.0
230,8,3.0
152,340,5.0
331,168,4.0
3,434,5.0
307,368,3.5
339,68,4.0
51,371,4.5
203,204,5.0
299,495,3.0
165,65,4.5
333,29,4.0
319,474,3.0
28,4,2.0
42,402,5.0
57,342,5.0
29,43,5.0
218,38,4.0
300,236,3.0
133,404,3.5
395,383,4.5
264,42,3.0
45,438,3.5
25,345,5.0
263,72,4.5
99,272,5.0
341,498,4.0
294,320,2.0
349,352,5.0
363,420,4.5
208,245,3.0
346,478,3.5
32,136,4.5
271,64,4.5
239,486,4.5
322,212,5.0
186,497,4.0
215,36,4.5
65,37,5.0
272,281,3.0
72,11,4.0
385,42,4.5
204,421,3.5
247,197,2.0
323,322,5.0
115,425,1.5
98,212,3.5
60,354,4.5
312,123,4.0
97,163,5.0
313,303,2.5
237,223,3.5
125,76,3.5
296,342,2.5
293,376,3.5
92,176,3.0
274,77,5.0
326,413,4.0
233,467,3.0
195,455,4.5
237,299,3.5
320,291,4.0
85,480,3.0
95,465,4.5
390,132,3.5
351,267,3.5
128,411,5.0
323,220,5.0
374,278,4.0
58,447,5.0
60,39,4.0
114,114,2.0
132,13,4.5
267,13,4.0
256,246,2.5
171,163,5.0
305,346,4.5
356,29,5.0
199,358,5.0
400,247,4.5
313,27,3.0
183,296,3.0
78,9,5.0
137,489,4.0
121,240,3.0
212,92,5.0
204,203,5.0
111,75,3.0
261,153,2.5
4,90,4.5
177,337,4.5
291,488,4.5
395,117,5.0
293,101,4.5
184,251,5.0
162,391,4.0
289,493,4.5
75,131,5.0
138,350,2.5
33,246,4.5
201,494,5.0
7,112,5.0
218,76,5.0
202,491,4.5
221,54,3.0
187,486,4.5
374,436,3.0
107,16,5.0
279,22,4.0
128,17,5.0
261,359,3.0
86,322,3.5
327,287,3.0
239,115,5.0
88,410,3.0
242,350,5.0
269,104,2.5
326,226,3.5
219,181,5.0
149,279,4.0
95,2,4.0
4,33,4.5
12,282,4.0
279,241,3.5
345,36,4.0
367,83,4.5
358,221,5.0
108,323,4.0
34,81,4.5
375,168,4.0
47,351,5.0
10,490,4.0
42,17,4.5
317,156,5.0
394,132,5.0
66,220,5.0
107,354,2.0
108,215,1.0
232,69,3.0
165,20,3.0
335,271,3.5
362,464,3.0
140,350,3.0
328,141,3.5
234,170,5.0
295,59,5.0
393,294,3.0
287,16,5.0
58,447,4.0
203,114,3.0
219,314,4.0
286,242,5.0
157,5,3.5
1,131,4.0
130,33,5.0
200,51,4.0
136,298,4.0
16,352,4.5
149,404,5.0
283,15,3.0
374,336,2.5
209,154,3.0
212,426,5.0
265,2,4.5
152,50,3.0
4,163,5.0
335,313,5.0
209,316,4.5
362,213,3.0
369,396,3.5
169,429,3.0
170,191,3.0
126,357,3.0
339,407,5.0
25,167,4.5
281,99,5.0
332,228,4.5
121,180,5.0
379,30,5.0
366,157,4.5
208,90,5.0
383,446,4.5
306,187,2.0
55,45,3.0
169,398,3.0
167,164,4.5
223,428,3.0
229,361,4.5
276,91,4.0
114,43,5.0
142,273,4.5
122,11,3.5
184,411,5.0
260,4,5.0
304,242,3.0
279,222,2.5
159,424,5.0
92,312,5.0
113,189,5.0
169,492,5.0
152,339,5.0
306,451,3.0
167,378,5.0
289,209,4.0
228,254,4.5
46,55,5.0
230,304,5.0
115,10,5.0
389,170,4.0
74,227,5.0
167,393,5.0
54,45,5.0
1,282,4.5
183,496,4.5
238,467,5.0
388,56,5.0
338,476,5.0
93,60,5.0
104,195,5.0
305,398,4.0
4,469,4.5
140,235,4.0
384,37,3.0
260,326,4.5
265,301,4.5
117,4,5.0
254,144,4.0
55,380,3.0
127,375,5.0
310,387,4.5
296,453,5.0
305,65,4.0
325,465,5.0
357,202,5.0
113,109,4.5
249,384,4.5
266,347,4.0
75,263,4.0
330,494,5.0
315,263,4.0
334,54,4.5
393,133,5.0
295,240,4.0
125,27,5.0
292,5,4.5
241,122,4.5
146,316,4.5
314,436,5.0
373,335,5.0
142,161,4.0
329,338,3.5
159,142,3.0
23,232,4.0
88,381,4.0
198,328,5.0
176,146,4.5
153,394,4.0
182,291,3.0
201,16,5.0
376,133,3.5
297,334,5.0
108,472,4.5
169,489,4.5
364,442,4.5
28,237,5.0
361,401,4.5
220,187,4.5
161,231,4.5
115,473,4.5
169,214,4.5
283,37,4.0
270,159,5.0
112,157,4.5
251,431,5.0
108,30,5.0
334,344,3.0
352,431,4.0
199,49,5.0
352,327,5.0
162,337,1.5
321,2,4.5
274,112,4.0
81,77,3.0
367,365,4.5
145,7,3.5
97,210,4.5
310,175,3.0
284,171,5.0
23,373,3.0
45,392,5.0
71,477,5.0
202,162,3.5
235,122,4.0
344,364,4.0
61,146,4.5
80,135,4.5
28,97,3.0
66,126,3.5
250,39,4.0
314,169,5.0
300,125,5.0
161,189,4.0
232,22,5.0
77,19,2.0
59,241,3.5
100,215,5.0
136,480,5.0
